word,성학대,신체학대,정서학대,방임
가게,11.0,28.0,11.0,22.0
가기,47.0,56.0,22.0,18.0
가까이,5.0,7.0,0.0,3.0
가깝다,3.0,4.0,3.0,5.0
가난하다,2.0,7.0,3.0,10.0
가능하다,2.0,2.0,2.0,0.0
가다,178.0,342.0,162.0,154.0
가다가,9.0,4.0,5.0,0.0
가도,4.0,8.0,2.0,10.0
가두다,3.0,23.0,26.0,9.0
가득하다,0.0,5.0,2.0,1.0
가라,4.0,10.0,10.0,4.0
가라앉다,2.0,8.0,3.0,5.0
가래,3.0,0.0,1.0,2.0
가르치다,6.0,21.0,8.0,7.0
가만,1.0,7.0,0.0,0.0
가만있다,1.0,6.0,2.0,1.0
가만히,30.0,57.0,28.0,13.0
가면,27.0,73.0,45.0,44.0
가방,1.0,7.0,3.0,6.0
가버리다,3.0,6.0,5.0,7.0
가볍다,0.0,3.0,3.0,2.0
가보,0.0,2.0,1.0,2.0
가보다,3.0,28.0,6.0,3.0
가쁘,3.0,2.0,0.0,0.0
가세,2.0,0.0,1.0,2.0
가수,10.0,9.0,7.0,6.0
가슴,107.0,66.0,22.0,8.0
가시,3.0,1.0,0.0,3.0
가야,20.0,37.0,19.0,27.0
가요,117.0,193.0,92.0,91.0
가위,0.0,3.0,2.0,1.0
가을,0.0,2.0,2.0,2.0
가장,10.0,34.0,15.0,10.0
가정,1.0,8.0,1.0,2.0
가져가다,8.0,8.0,1.0,4.0
가져오다,6.0,10.0,6.0,4.0
가족,37.0,78.0,48.0,37.0
가지,39.0,61.0,28.0,47.0
가지다,2.0,0.0,2.0,4.0
가출,29.0,37.0,18.0,25.0
각자,4.0,3.0,4.0,1.0
간다,5.0,9.0,7.0,4.0
간단하다,0.0,3.0,3.0,1.0
간섭,1.0,4.0,1.0,1.0
간식,9.0,26.0,11.0,14.0
간지럽다,3.0,1.0,2.0,2.0
간호사,8.0,5.0,3.0,2.0
갇히다,1.0,6.0,8.0,2.0
갈다,66.0,147.0,51.0,50.0
갈비뼈,0.0,7.0,0.0,0.0
갈수록,1.0,4.0,1.0,1.0
감각,1.0,3.0,1.0,0.0
감고,8.0,11.0,7.0,6.0
감기,3.0,11.0,9.0,13.0
감다,5.0,8.0,7.0,3.0
감사하다,9.0,10.0,6.0,7.0
감시,3.0,10.0,9.0,3.0
감옥,4.0,18.0,9.0,1.0
감정,7.0,19.0,10.0,9.0
갑자기,71.0,136.0,79.0,32.0
강아지,7.0,11.0,8.0,7.0
강요,2.0,3.0,6.0,1.0
강제,25.0,6.0,5.0,4.0
강하다,1.0,9.0,2.0,2.0
갖다,12.0,16.0,12.0,11.0
같이,159.0,300.0,175.0,163.0
개발자,1.0,3.0,1.0,1.0
개운하다,5.0,20.0,15.0,10.0
개월,9.0,15.0,9.0,13.0
개인,2.0,5.0,1.0,1.0
걔네,5.0,6.0,2.0,7.0
거나,42.0,150.0,74.0,47.0
거들다,18.0,64.0,39.0,23.0
거래,4.0,14.0,11.0,5.0
거려,9.0,13.0,7.0,5.0
거리,6.0,31.0,12.0,6.0
거만,3.0,2.0,1.0,5.0
거슬리다,0.0,11.0,1.0,2.0
거실,4.0,9.0,7.0,1.0
거울,3.0,8.0,9.0,2.0
거의,80.0,156.0,81.0,99.0
거지,4.0,9.0,15.0,16.0
거짓말,1.0,22.0,10.0,4.0
걱정,144.0,260.0,132.0,129.0
걱정거리,4.0,15.0,2.0,3.0
건가,2.0,3.0,2.0,5.0
건강,0.0,12.0,4.0,4.0
건강하다,53.0,127.0,72.0,50.0
건데,3.0,4.0,3.0,0.0
건드리다,11.0,8.0,2.0,1.0
건물,1.0,2.0,0.0,3.0
건지다,4.0,21.0,13.0,11.0
걷기,0.0,5.0,2.0,1.0
걷다,6.0,17.0,4.0,1.0
걷어차다,0.0,9.0,0.0,0.0
걸다,18.0,40.0,30.0,21.0
걸레,2.0,2.0,1.0,0.0
걸리다,17.0,48.0,30.0,29.0
걸어가다,2.0,2.0,1.0,2.0
걸이,0.0,7.0,1.0,1.0
검다,3.0,1.0,0.0,1.0
검사,10.0,18.0,8.0,3.0
겁나다,6.0,9.0,6.0,0.0
게임,49.0,146.0,66.0,59.0
겠다,1.0,5.0,4.0,1.0
겨를,1.0,7.0,3.0,4.0
겨우,4.0,8.0,3.0,3.0
겨울,3.0,13.0,4.0,2.0
격해지다,0.0,4.0,0.0,1.0
겪다,4.0,2.0,3.0,0.0
견디다,3.0,5.0,4.0,1.0
결국,4.0,8.0,3.0,3.0
결혼,5.0,4.0,6.0,1.0
경기,1.0,5.0,4.0,2.0
경비,4.0,4.0,1.0,0.0
경우,2.0,13.0,4.0,7.0
경찰,23.0,107.0,49.0,18.0
경찰관,2.0,3.0,3.0,2.0
경찰서,1.0,13.0,1.0,0.0
경험,0.0,2.0,3.0,0.0
계단,4.0,1.0,3.0,6.0
계세,21.0,29.0,18.0,19.0
계속,127.0,212.0,111.0,93.0
계시,1.0,16.0,4.0,5.0
계시다,7.0,21.0,9.0,9.0
계획,1.0,3.0,2.0,0.0
고개,2.0,4.0,1.0,0.0
고도,1.0,1.0,4.0,0.0
고등학교,2.0,2.0,2.0,1.0
고등학생,8.0,4.0,2.0,2.0
고르다,2.0,2.0,2.0,0.0
고맙다,10.0,17.0,10.0,3.0
고모,1.0,7.0,4.0,5.0
고민,37.0,48.0,27.0,17.0
고생,2.0,9.0,5.0,4.0
고아,0.0,2.0,2.0,4.0
고아원,0.0,3.0,1.0,2.0
고양이,2.0,4.0,7.0,3.0
고요,4.0,23.0,19.0,6.0
고장,3.0,0.0,1.0,4.0
고추,10.0,0.0,0.0,0.0
고치다,7.0,7.0,2.0,3.0
고프다,0.0,3.0,2.0,15.0
골절,0.0,8.0,0.0,1.0
골프,0.0,4.0,0.0,1.0
골프채,0.0,16.0,0.0,1.0
곳도,8.0,11.0,19.0,10.0
공감,0.0,2.0,3.0,1.0
공격,0.0,5.0,2.0,1.0
공기놀이,2.0,2.0,3.0,0.0
공무원,1.0,3.0,1.0,3.0
공연,3.0,3.0,2.0,2.0
공원,18.0,23.0,8.0,10.0
공유,2.0,3.0,2.0,0.0
공책,1.0,3.0,0.0,2.0
공평하다,1.0,5.0,2.0,0.0
과목,1.0,3.0,1.0,0.0
과외,1.0,3.0,0.0,2.0
과자,2.0,13.0,3.0,6.0
과학,2.0,2.0,4.0,0.0
과학자,0.0,1.0,4.0,0.0
관계,13.0,1.0,1.0,0.0
관련,1.0,6.0,2.0,0.0
관리,0.0,4.0,1.0,2.0
관심,71.0,101.0,64.0,113.0
관장,5.0,4.0,1.0,0.0
괜찮다,126.0,226.0,148.0,119.0
괜히,10.0,23.0,9.0,4.0
괴롭다,9.0,28.0,14.0,9.0
괴롭히다,39.0,60.0,46.0,26.0
괴롭힘,4.0,3.0,2.0,3.0
괴물,9.0,22.0,12.0,0.0
교사,0.0,2.0,2.0,1.0
교실,8.0,10.0,9.0,2.0
교통사고,2.0,3.0,2.0,0.0
교환,0.0,2.0,2.0,2.0
교회,6.0,6.0,2.0,1.0
구경,7.0,8.0,8.0,8.0
구경해,2.0,2.0,3.0,1.0
구기다,1.0,3.0,0.0,7.0
구둣주걱,0.0,5.0,0.0,0.0
구르다,0.0,4.0,0.0,1.0
구멍,3.0,2.0,1.0,2.0
구박,0.0,3.0,3.0,0.0
구석,5.0,9.0,5.0,0.0
국어,2.0,2.0,1.0,1.0
국자,0.0,5.0,0.0,0.0
군데,0.0,5.0,2.0,0.0
군인,1.0,6.0,0.0,0.0
굳다,3.0,23.0,10.0,4.0
굳이,2.0,7.0,1.0,10.0
굶다,29.0,66.0,31.0,85.0
굽다,2.0,2.0,0.0,1.0
궁금하다,10.0,11.0,2.0,3.0
귀가,1.0,6.0,3.0,0.0
귀신,3.0,6.0,8.0,7.0
귀엽다,19.0,26.0,16.0,8.0
귀찮다,17.0,40.0,19.0,39.0
규칙,3.0,11.0,4.0,7.0
그거,23.0,32.0,15.0,13.0
그건,51.0,74.0,54.0,31.0
그걸,9.0,29.0,8.0,6.0
그것,16.0,33.0,21.0,17.0
그게,35.0,53.0,33.0,21.0
그나마,2.0,6.0,3.0,5.0
그날,22.0,24.0,7.0,4.0
그네,1.0,7.0,3.0,4.0
그다음,9.0,3.0,1.0,3.0
그대로,2.0,7.0,3.0,3.0
그때,100.0,111.0,66.0,50.0
그땐,0.0,5.0,4.0,0.0
그래도,56.0,95.0,52.0,47.0
그러니까,16.0,28.0,20.0,10.0
그럭저럭,2.0,4.0,0.0,3.0
그렇게,42.0,108.0,75.0,45.0
그릇,0.0,5.0,1.0,2.0
그리기,3.0,3.0,1.0,2.0
그리다,15.0,22.0,12.0,17.0
그린,2.0,4.0,2.0,0.0
그릴,3.0,1.0,2.0,2.0
그림,18.0,27.0,18.0,21.0
그만,13.0,54.0,37.0,14.0
그만두다,6.0,7.0,8.0,2.0
그만하다,11.0,26.0,14.0,7.0
그저,1.0,10.0,1.0,5.0
그저께,2.0,18.0,1.0,5.0
그치다,0.0,2.0,2.0,1.0
근육,2.0,4.0,1.0,0.0
근처,6.0,8.0,5.0,4.0
글쎄요,10.0,12.0,6.0,10.0
긁다,6.0,21.0,6.0,5.0
긁혔어,2.0,6.0,3.0,0.0
긁힌,0.0,7.0,0.0,1.0
금방,8.0,28.0,15.0,13.0
금요일,6.0,1.0,3.0,1.0
금지,3.0,3.0,0.0,0.0
급식,5.0,9.0,1.0,11.0
급하다,1.0,5.0,3.0,7.0
긋다,6.0,3.0,3.0,2.0
긍정,4.0,6.0,3.0,4.0
기간,0.0,5.0,3.0,1.0
기계,0.0,4.0,1.0,0.0
기다,10.0,19.0,14.0,17.0
기다리다,14.0,16.0,13.0,7.0
기대,2.0,3.0,3.0,1.0
기대하다,3.0,1.0,3.0,1.0
기도,49.0,123.0,53.0,50.0
기만,3.0,4.0,1.0,2.0
기본,1.0,9.0,0.0,2.0
기분,144.0,339.0,167.0,142.0
기쁘다,8.0,3.0,1.0,1.0
기사,7.0,0.0,0.0,1.0
기억,74.0,171.0,61.0,68.0
기억나다,5.0,10.0,3.0,3.0
기운,2.0,7.0,3.0,4.0
기자,1.0,2.0,3.0,0.0
기절,1.0,2.0,2.0,2.0
기준,0.0,6.0,2.0,0.0
기침,2.0,2.0,1.0,1.0
기회,0.0,2.0,1.0,2.0
긴장,8.0,33.0,19.0,5.0
길다,1.0,1.0,4.0,4.0
길이,1.0,7.0,0.0,0.0
깁스,0.0,30.0,1.0,3.0
깊다,6.0,17.0,14.0,6.0
깊이,6.0,3.0,2.0,0.0
까먹다,2.0,6.0,0.0,5.0
까불다,3.0,2.0,2.0,0.0
깔다,1.0,3.0,2.0,0.0
깜빡,0.0,1.0,2.0,5.0
깜짝,5.0,7.0,3.0,1.0
깨끗하다,3.0,16.0,5.0,13.0
깨다,57.0,85.0,47.0,29.0
깨물다,2.0,4.0,0.0,1.0
깨우다,10.0,13.0,6.0,7.0
깨지다,1.0,7.0,3.0,1.0
꺼내다,2.0,10.0,7.0,5.0
꺼지다,1.0,10.0,7.0,6.0
꺾다,0.0,4.0,1.0,3.0
꼬집다,3.0,13.0,3.0,3.0
꼬투리,0.0,4.0,2.0,0.0
꼴다,0.0,6.0,7.0,0.0
꾸다,119.0,234.0,125.0,88.0
꾸리,0.0,4.0,0.0,1.0
꾸미다,5.0,1.0,6.0,4.0
꾸중,2.0,1.0,3.0,0.0
꿀밤,0.0,5.0,0.0,0.0
꿇다,0.0,6.0,6.0,2.0
꿈꾸다,16.0,12.0,9.0,6.0
꿈속,3.0,1.0,0.0,1.0
꿰매다,1.0,19.0,0.0,2.0
끄다,48.0,80.0,54.0,35.0
끊다,2.0,4.0,0.0,1.0
끌리다,1.0,4.0,0.0,0.0
끌어안다,12.0,4.0,0.0,0.0
끓이다,0.0,5.0,0.0,6.0
끔찍하다,11.0,4.0,1.0,1.0
끝나다,42.0,66.0,36.0,39.0
끝내다,1.0,8.0,5.0,0.0
끝내주다,5.0,3.0,0.0,0.0
끼다,10.0,4.0,3.0,1.0
끼리,6.0,28.0,12.0,18.0
끼우다,1.0,2.0,3.0,0.0
끼치다,6.0,0.0,0.0,1.0
나가다,62.0,145.0,108.0,111.0
나가야,3.0,6.0,2.0,2.0
나가요,11.0,12.0,9.0,28.0
나기,4.0,11.0,1.0,7.0
나나,0.0,7.0,2.0,1.0
나누다,3.0,7.0,5.0,7.0
나니,1.0,3.0,3.0,1.0
나라,5.0,6.0,0.0,7.0
나르다,9.0,32.0,8.0,4.0
나름,2.0,6.0,5.0,0.0
나머지,5.0,0.0,3.0,4.0
나무,0.0,26.0,4.0,2.0
나본,3.0,0.0,2.0,4.0
나빠지다,3.0,11.0,2.0,2.0
나쁘다,77.0,162.0,81.0,49.0
나서다,71.0,150.0,55.0,59.0
나시,0.0,2.0,2.0,2.0
나아지다,9.0,24.0,22.0,19.0
나오다,82.0,104.0,70.0,45.0
나은,0.0,2.0,1.0,2.0
나이,21.0,9.0,2.0,6.0
나중,17.0,28.0,13.0,27.0
나타나다,6.0,15.0,6.0,0.0
낙서,2.0,5.0,2.0,3.0
난대,0.0,8.0,0.0,6.0
난동,0.0,3.0,1.0,1.0
난리,1.0,10.0,10.0,3.0
날다,6.0,17.0,5.0,3.0
날씨,0.0,3.0,1.0,2.0
날아가다,1.0,5.0,1.0,1.0
날아다니다,1.0,2.0,0.0,2.0
날짜,0.0,2.0,0.0,3.0
날카롭다,3.0,5.0,4.0,1.0
남기다,2.0,5.0,1.0,0.0
남다,14.0,28.0,9.0,10.0
남동생,15.0,74.0,20.0,33.0
남아,3.0,8.0,1.0,2.0
남자,25.0,20.0,11.0,5.0
남자친구,15.0,9.0,1.0,5.0
낫다,1.0,9.0,4.0,2.0
낮다,1.0,5.0,5.0,2.0
낳다,0.0,8.0,6.0,9.0
내기,1.0,6.0,5.0,1.0
내내,5.0,9.0,8.0,12.0
내년,4.0,4.0,2.0,4.0
내놓다,2.0,3.0,0.0,0.0
내다,44.0,269.0,127.0,56.0
내려가다,0.0,5.0,0.0,4.0
내려오다,1.0,3.0,2.0,0.0
내리다,11.0,10.0,6.0,1.0
내면,9.0,69.0,21.0,19.0
내버리다,2.0,2.0,1.0,6.0
내보내다,0.0,4.0,4.0,2.0
내복,0.0,6.0,0.0,0.0
내세,6.0,11.0,11.0,5.0
내시,4.0,11.0,5.0,2.0
내용,9.0,13.0,9.0,2.0
내일,2.0,7.0,4.0,4.0
내주다,5.0,7.0,2.0,3.0
내지,1.0,2.0,2.0,2.0
내쫓다,2.0,8.0,5.0,0.0
냄새,9.0,39.0,12.0,72.0
냉장고,0.0,3.0,4.0,5.0
너무,166.0,323.0,205.0,146.0
너희,0.0,7.0,6.0,4.0
넘기다,2.0,6.0,5.0,0.0
넘다,60.0,132.0,69.0,74.0
넘어가다,10.0,30.0,12.0,13.0
넘어뜨리다,0.0,12.0,0.0,2.0
넘어서다,0.0,7.0,8.0,9.0
넘어지다,15.0,43.0,25.0,19.0
넘치다,0.0,4.0,1.0,0.0
넣기,7.0,0.0,0.0,0.0
넣다,68.0,18.0,12.0,8.0
노래,37.0,61.0,31.0,22.0
노래방,25.0,6.0,9.0,9.0
노려보다,1.0,14.0,3.0,1.0
노력,13.0,24.0,15.0,8.0
노트,1.0,2.0,0.0,2.0
놀다,182.0,351.0,182.0,163.0
놀라다,30.0,36.0,16.0,6.0
놀래다,1.0,1.0,2.0,1.0
놀리다,21.0,14.0,27.0,30.0
놀림,2.0,2.0,1.0,5.0
놀이,21.0,34.0,15.0,17.0
놀이터,16.0,52.0,26.0,26.0
농구,5.0,18.0,12.0,6.0
높다,3.0,4.0,7.0,4.0
높아지다,2.0,0.0,3.0,0.0
놓다,14.0,33.0,16.0,18.0
놔두다,2.0,5.0,7.0,3.0
누가,38.0,45.0,20.0,17.0
누구,10.0,11.0,16.0,2.0
누군가,4.0,6.0,4.0,3.0
누굴,0.0,4.0,1.0,2.0
누나,16.0,30.0,22.0,11.0
누르다,14.0,14.0,3.0,2.0
누우,5.0,10.0,7.0,4.0
눈물,8.0,20.0,16.0,6.0
눈빛,5.0,4.0,3.0,1.0
눈썹,0.0,4.0,0.0,2.0
눈앞,1.0,4.0,2.0,2.0
눈치,14.0,60.0,37.0,15.0
눕다,49.0,57.0,23.0,32.0
뉴스,3.0,3.0,4.0,1.0
느껴지다,23.0,16.0,13.0,12.0
느끼다,22.0,26.0,33.0,30.0
느낌,29.0,40.0,19.0,19.0
느리다,1.0,8.0,8.0,0.0
는걸,3.0,4.0,2.0,6.0
늘다,9.0,52.0,31.0,14.0
늘리다,1.0,2.0,2.0,0.0
늘어나다,3.0,5.0,4.0,4.0
늦다,31.0,80.0,36.0,59.0
다가,11.0,21.0,13.0,11.0
다가가다,2.0,2.0,2.0,2.0
다가오다,3.0,6.0,5.0,5.0
다기,3.0,7.0,3.0,2.0
다녀오다,4.0,17.0,4.0,3.0
다니다,75.0,95.0,59.0,78.0
다르다,9.0,28.0,19.0,9.0
다른,102.0,139.0,102.0,81.0
다리,24.0,111.0,12.0,14.0
다리다,1.0,4.0,0.0,0.0
다섯,68.0,146.0,67.0,76.0
다시,35.0,66.0,32.0,32.0
다시다,2.0,1.0,5.0,1.0
다양하다,5.0,10.0,5.0,4.0
다예,3.0,1.0,1.0,2.0
다음,25.0,59.0,23.0,22.0
다이어리,2.0,0.0,3.0,0.0
다정하다,13.0,24.0,7.0,6.0
다치다,106.0,269.0,148.0,108.0
다투다,2.0,1.0,1.0,1.0
다행,1.0,13.0,4.0,3.0
다행하다,0.0,9.0,3.0,0.0
닦다,4.0,4.0,1.0,0.0
단소,0.0,5.0,0.0,2.0
단어,2.0,3.0,5.0,0.0
단짝,1.0,3.0,1.0,0.0
단호,2.0,1.0,6.0,0.0
닫다,5.0,5.0,7.0,3.0
달다,5.0,2.0,2.0,2.0
달도,1.0,3.0,0.0,3.0
달라,57.0,44.0,21.0,28.0
달라지다,2.0,10.0,2.0,2.0
달래다,2.0,4.0,2.0,1.0
달려오다,0.0,4.0,2.0,0.0
달리기,2.0,9.0,6.0,2.0
달리다,3.0,5.0,1.0,2.0
달이,4.0,3.0,1.0,3.0
닮다,9.0,31.0,11.0,4.0
담당,0.0,4.0,2.0,0.0
담배,4.0,6.0,3.0,10.0
담임,80.0,163.0,62.0,67.0
답답하다,11.0,31.0,27.0,19.0
당구,2.0,2.0,0.0,2.0
당기다,1.0,5.0,0.0,0.0
당분간,0.0,4.0,2.0,0.0
당연하다,8.0,21.0,10.0,9.0
당장,0.0,4.0,2.0,3.0
당하,5.0,1.0,1.0,0.0
당하다,27.0,9.0,14.0,17.0
당한,8.0,2.0,2.0,2.0
당황,7.0,2.0,0.0,0.0
닿다,9.0,1.0,0.0,2.0
대고,8.0,2.0,0.0,0.0
대기업,1.0,2.0,1.0,1.0
대놓고,1.0,2.0,2.0,0.0
대다,10.0,49.0,15.0,12.0
대답,9.0,25.0,4.0,8.0
대들다,1.0,7.0,3.0,0.0
대로,13.0,19.0,19.0,9.0
대부분,9.0,29.0,9.0,12.0
대서,4.0,1.0,1.0,1.0
대신,3.0,8.0,7.0,7.0
대요,36.0,111.0,55.0,53.0
대체로,1.0,1.0,2.0,1.0
대충,2.0,8.0,3.0,5.0
대하,2.0,4.0,3.0,2.0
대학생,15.0,0.0,0.0,0.0
대한,1.0,4.0,5.0,1.0
대해,16.0,39.0,21.0,12.0
대화,15.0,10.0,9.0,12.0
대회,5.0,7.0,3.0,4.0
댄서,3.0,6.0,0.0,1.0
댄스,2.0,4.0,1.0,1.0
더듬다,3.0,4.0,0.0,0.0
더러워지다,6.0,0.0,1.0,6.0
더럽다,33.0,23.0,4.0,41.0
더부룩하다,3.0,3.0,1.0,1.0
더하다,2.0,0.0,1.0,2.0
덕분,2.0,2.0,1.0,1.0
던지기,3.0,4.0,1.0,1.0
던지다,10.0,92.0,28.0,11.0
덥다,5.0,7.0,2.0,3.0
덮다,5.0,6.0,1.0,0.0
데려가다,38.0,97.0,27.0,33.0
데려오다,2.0,14.0,2.0,2.0
데리,12.0,21.0,13.0,11.0
데리다,8.0,28.0,6.0,3.0
도대체,1.0,4.0,4.0,1.0
도둑,1.0,5.0,4.0,0.0
도록,0.0,1.0,1.0,3.0
도망,9.0,9.0,1.0,0.0
도망가다,24.0,44.0,17.0,11.0
도망치다,9.0,8.0,1.0,5.0
도박,0.0,8.0,1.0,2.0
도서관,5.0,9.0,4.0,1.0
도와주다,20.0,27.0,9.0,14.0
도움,2.0,6.0,9.0,2.0
도저히,0.0,5.0,3.0,3.0
도중,0.0,5.0,3.0,1.0
독립,0.0,5.0,2.0,1.0
돋다,11.0,3.0,0.0,1.0
돌리다,4.0,8.0,6.0,7.0
돌변,1.0,5.0,4.0,2.0
돌보다,28.0,75.0,35.0,44.0
돌아가다,14.0,32.0,16.0,25.0
돌아다니다,11.0,9.0,8.0,11.0
돌아오다,5.0,16.0,6.0,5.0
돌이,0.0,3.0,3.0,0.0
돕다,0.0,3.0,3.0,1.0
동네,5.0,10.0,4.0,10.0
동물,2.0,15.0,13.0,6.0
동물원,3.0,5.0,0.0,1.0
동생,27.0,95.0,37.0,58.0
동아리,0.0,1.0,2.0,2.0
동안,24.0,35.0,24.0,29.0
동영상,13.0,6.0,3.0,2.0
돼다,106.0,254.0,126.0,116.0
돼지,0.0,2.0,5.0,1.0
되게,19.0,33.0,19.0,15.0
되어다,25.0,43.0,19.0,15.0
두근거리다,22.0,33.0,15.0,7.0
두근두근,2.0,3.0,2.0,0.0
두다,47.0,113.0,71.0,60.0
두렵다,6.0,21.0,10.0,4.0
두운,2.0,1.0,5.0,0.0
두통,2.0,7.0,0.0,0.0
둘이서,3.0,12.0,1.0,1.0
둘째,0.0,7.0,0.0,2.0
뒤지다,2.0,8.0,4.0,3.0
뒤척,11.0,14.0,6.0,3.0
뒤척거리다,1.0,1.0,0.0,3.0
뒤통수,0.0,8.0,1.0,2.0
드라마,9.0,7.0,10.0,0.0
드리다,2.0,1.0,1.0,5.0
든든하다,4.0,5.0,4.0,0.0
듣기,3.0,9.0,9.0,4.0
듣다,14.0,42.0,39.0,15.0
들다,108.0,397.0,148.0,110.0
들리다,0.0,8.0,10.0,3.0
들어가다,26.0,93.0,69.0,40.0
들어서다,9.0,61.0,18.0,12.0
들어오다,61.0,109.0,42.0,63.0
들어주다,34.0,34.0,32.0,11.0
들이다,15.0,26.0,20.0,13.0
들키다,9.0,13.0,0.0,0.0
듯이,3.0,9.0,8.0,3.0
등교,1.0,4.0,1.0,0.0
등짝,2.0,2.0,1.0,0.0
디자이너,3.0,5.0,3.0,1.0
디저트,2.0,5.0,2.0,0.0
따갑다,1.0,3.0,1.0,4.0
따끔,4.0,5.0,1.0,2.0
따끔따끔,2.0,1.0,0.0,2.0
따다,7.0,17.0,8.0,6.0
따돌리다,5.0,4.0,5.0,7.0
따돌림,2.0,1.0,3.0,4.0
따뜻하다,13.0,27.0,13.0,11.0
따라가다,4.0,4.0,5.0,2.0
따라다니다,7.0,2.0,4.0,2.0
따라서,1.0,12.0,6.0,2.0
따라오다,12.0,3.0,3.0,1.0
따로,10.0,32.0,9.0,9.0
따르다,9.0,26.0,19.0,12.0
딱딱하다,4.0,3.0,2.0,2.0
딱지,1.0,3.0,0.0,2.0
딱하다,39.0,66.0,35.0,41.0
때리다,66.0,559.0,133.0,60.0
떠나다,3.0,7.0,1.0,2.0
떠들다,7.0,28.0,9.0,5.0
떠오르다,79.0,120.0,52.0,15.0
떠올리다,7.0,8.0,1.0,0.0
떠지다,1.0,5.0,3.0,1.0
떡볶이,8.0,6.0,4.0,4.0
떨다,21.0,30.0,17.0,12.0
떨리다,13.0,21.0,13.0,4.0
떨어뜨리다,2.0,0.0,3.0,2.0
떨어지다,7.0,27.0,24.0,28.0
떼다,1.0,3.0,0.0,2.0
또다시,2.0,4.0,2.0,0.0
똑같다,18.0,50.0,26.0,26.0
똑같이,17.0,37.0,21.0,21.0
똑똑하다,1.0,10.0,7.0,2.0
똑바로,0.0,14.0,12.0,4.0
뚫리다,1.0,2.0,1.0,1.0
뛰다,30.0,79.0,36.0,7.0
뛰어가다,5.0,2.0,2.0,1.0
뛰어내리다,0.0,5.0,0.0,0.0
뛰어놀다,7.0,9.0,5.0,1.0
뛰어다니다,3.0,3.0,9.0,2.0
뜨겁다,0.0,3.0,1.0,4.0
뜨다,13.0,28.0,12.0,14.0
뜯다,3.0,7.0,4.0,6.0
띵하다,2.0,2.0,4.0,2.0
라라,2.0,1.0,2.0,1.0
라면,5.0,13.0,9.0,17.0
라서,3.0,22.0,6.0,6.0
라임,6.0,7.0,3.0,3.0
래야,1.0,4.0,0.0,4.0
러시,3.0,13.0,7.0,1.0
러신,4.0,2.0,1.0,0.0
런가,9.0,12.0,13.0,14.0
레고,0.0,2.0,3.0,3.0
려고,2.0,9.0,10.0,3.0
로또,1.0,1.0,0.0,4.0
로만,2.0,5.0,3.0,0.0
로봇,1.0,1.0,0.0,3.0
로부터,2.0,3.0,3.0,3.0
리가,3.0,1.0,0.0,2.0
리모컨,1.0,10.0,0.0,0.0
릴스,7.0,2.0,4.0,0.0
마구,2.0,23.0,1.0,0.0
마다,5.0,3.0,0.0,1.0
마르다,3.0,2.0,7.0,2.0
마시다,10.0,47.0,29.0,25.0
마음,79.0,224.0,130.0,72.0
마음껏,2.0,2.0,0.0,2.0
마음대로,18.0,24.0,11.0,10.0
마음속,2.0,7.0,0.0,0.0
마주,3.0,1.0,2.0,2.0
마주치다,24.0,22.0,14.0,5.0
마지막,2.0,4.0,2.0,4.0
마치,2.0,4.0,4.0,1.0
마트,2.0,3.0,0.0,1.0
마피아,4.0,1.0,1.0,0.0
막내,0.0,4.0,6.0,4.0
막다,5.0,35.0,16.0,1.0
막대,0.0,4.0,0.0,2.0
막대기,1.0,31.0,2.0,2.0
막막하다,0.0,5.0,1.0,4.0
막말,1.0,4.0,11.0,0.0
막상,2.0,4.0,2.0,2.0
막히다,11.0,16.0,20.0,5.0
만나다,58.0,49.0,31.0,37.0
만난,40.0,9.0,7.0,6.0
만날,8.0,8.0,4.0,5.0
만들기,6.0,9.0,4.0,2.0
만들다,35.0,58.0,41.0,40.0
만만하다,0.0,9.0,1.0,0.0
만약,3.0,6.0,3.0,2.0
만요,1.0,8.0,1.0,1.0
만지다,182.0,9.0,8.0,4.0
만큼,5.0,19.0,7.0,7.0
만화,8.0,9.0,11.0,15.0
만화가,2.0,1.0,1.0,3.0
만화책,8.0,12.0,4.0,10.0
만화카페,3.0,4.0,1.0,1.0
많다,125.0,243.0,156.0,129.0
많아지다,8.0,12.0,9.0,6.0
말다,29.0,120.0,58.0,61.0
말다툼,1.0,4.0,6.0,3.0
말대꾸,0.0,10.0,0.0,0.0
말로,50.0,19.0,47.0,30.0
말르다,1.0,6.0,3.0,1.0
말리,2.0,10.0,5.0,0.0
말리다,1.0,26.0,13.0,3.0
말씀,8.0,9.0,9.0,4.0
말씀드리다,2.0,2.0,5.0,0.0
말투,3.0,3.0,5.0,1.0
맘껏,0.0,0.0,2.0,3.0
맘대로,5.0,18.0,3.0,4.0
맛있다,46.0,71.0,41.0,48.0
맛집,3.0,1.0,1.0,0.0
망가지다,4.0,3.0,2.0,1.0
망신,2.0,4.0,1.0,0.0
망치,0.0,4.0,2.0,1.0
망치다,1.0,1.0,6.0,2.0
망하다,9.0,7.0,3.0,2.0
맞다,58.0,441.0,85.0,52.0
맞추다,8.0,18.0,5.0,3.0
맡기다,3.0,5.0,1.0,0.0
맡다,5.0,4.0,1.0,3.0
매번,19.0,38.0,20.0,14.0
매사,3.0,1.0,4.0,4.0
매주,3.0,4.0,1.0,2.0
맴돌다,2.0,1.0,2.0,0.0
맵다,1.0,0.0,3.0,7.0
머리,49.0,230.0,83.0,45.0
머리카락,1.0,19.0,2.0,2.0
머릿속,3.0,2.0,1.0,1.0
먹기,2.0,9.0,11.0,7.0
먹다,110.0,244.0,134.0,194.0
먹이다,0.0,7.0,3.0,2.0
먼저,13.0,11.0,7.0,12.0
멀다,1.0,2.0,0.0,3.0
멀리,1.0,7.0,4.0,6.0
멀어지다,3.0,1.0,1.0,3.0
멀쩡하다,5.0,2.0,2.0,2.0
멈추다,3.0,4.0,0.0,0.0
멋있다,34.0,59.0,20.0,14.0
멋지다,16.0,29.0,7.0,8.0
멍청이,1.0,13.0,8.0,1.0
멍청하다,2.0,26.0,22.0,1.0
멍하니,2.0,3.0,1.0,5.0
멍하다,11.0,10.0,10.0,3.0
메시지,8.0,0.0,0.0,0.0
메이크업,0.0,1.0,3.0,3.0
며칠,7.0,34.0,6.0,11.0
멱살,0.0,5.0,1.0,0.0
면담,1.0,2.0,2.0,1.0
면서,5.0,18.0,13.0,6.0
명도,3.0,10.0,4.0,3.0
몇몇,0.0,3.0,0.0,2.0
모델,7.0,1.0,0.0,4.0
모두,8.0,20.0,11.0,6.0
모든,8.0,32.0,23.0,6.0
모바일,0.0,4.0,2.0,1.0
모습,11.0,37.0,17.0,19.0
모양,0.0,13.0,3.0,2.0
모으다,7.0,11.0,7.0,2.0
모임,4.0,1.0,1.0,1.0
모자라다,0.0,1.0,2.0,2.0
모텔,6.0,0.0,0.0,2.0
목도,2.0,11.0,4.0,0.0
목소리,12.0,15.0,10.0,7.0
몰다,0.0,1.0,2.0,3.0
몰래,18.0,33.0,31.0,17.0
몸싸움,0.0,1.0,2.0,2.0
못_가다,4.0,23.0,4.0,29.0
못_갈다,0.0,1.0,2.0,3.0
못_걸다,1.0,6.0,1.0,2.0
못_나가다,7.0,16.0,6.0,16.0
못_나오다,3.0,10.0,17.0,6.0
못_내다,0.0,3.0,0.0,2.0
못_놀다,10.0,22.0,18.0,26.0
못_느끼다,5.0,4.0,2.0,2.0
못_다니다,4.0,3.0,0.0,4.0
못_들다,3.0,8.0,3.0,6.0
못_들어오다,2.0,4.0,0.0,4.0
못_때리다,0.0,6.0,0.0,1.0
못_만나다,1.0,6.0,4.0,8.0
못_먹다,2.0,25.0,9.0,51.0
못_믿다,0.0,1.0,3.0,3.0
못_받다,2.0,15.0,2.0,3.0
못_버티다,1.0,2.0,3.0,1.0
못_보다,20.0,31.0,19.0,29.0
못_사귀다,1.0,2.0,0.0,5.0
못_사다,1.0,1.0,2.0,2.0
못_살다,2.0,12.0,7.0,6.0
못_생기다,2.0,2.0,9.0,2.0
못_쉬다,0.0,5.0,3.0,0.0
못_써다,3.0,1.0,1.0,2.0
못_쓰다,0.0,8.0,2.0,1.0
못_오다,16.0,35.0,25.0,43.0
못_외우다,1.0,4.0,1.0,0.0
못_움직이다,12.0,2.0,1.0,0.0
못_입다,2.0,0.0,0.0,6.0
못_지내다,1.0,2.0,1.0,2.0
못_지키다,0.0,3.0,2.0,0.0
못_참다,1.0,3.0,2.0,1.0
못_챙기다,1.0,1.0,1.0,9.0
못_키우다,0.0,2.0,4.0,0.0
못_풀다,0.0,11.0,4.0,0.0
못_해주다,2.0,0.0,3.0,2.0
못마땅하다,1.0,3.0,3.0,2.0
못자다,2.0,7.0,3.0,0.0
몽둥이,0.0,11.0,3.0,1.0
몽롱,2.0,6.0,3.0,0.0
무거워,9.0,16.0,5.0,3.0
무겁다,8.0,18.0,11.0,4.0
무관심,2.0,1.0,2.0,0.0
무관심하다,4.0,4.0,3.0,8.0
무기,4.0,4.0,8.0,3.0
무대,4.0,5.0,4.0,1.0
무뚝뚝하다,7.0,8.0,4.0,7.0
무릎,15.0,31.0,20.0,8.0
무리,4.0,0.0,1.0,2.0
무섭다,164.0,440.0,217.0,95.0
무슨,21.0,30.0,21.0,14.0
무시,20.0,52.0,35.0,27.0
무엇,5.0,8.0,2.0,1.0
무인,2.0,2.0,0.0,1.0
무조건,4.0,47.0,43.0,7.0
무표정,33.0,69.0,45.0,48.0
묶다,1.0,5.0,2.0,0.0
문득,6.0,2.0,3.0,2.0
문자,14.0,2.0,7.0,3.0
문제,12.0,55.0,39.0,16.0
묻다,4.0,5.0,7.0,4.0
묻히다,2.0,3.0,2.0,0.0
물건,10.0,62.0,19.0,19.0
물다,0.0,2.0,3.0,3.0
물리다,1.0,6.0,3.0,4.0
물속,0.0,3.0,2.0,0.0
물어,3.0,8.0,6.0,1.0
물어보다,36.0,54.0,30.0,36.0
물이,2.0,2.0,5.0,0.0
뭐라다,53.0,122.0,119.0,78.0
뭔가,11.0,26.0,19.0,11.0
미래,1.0,4.0,2.0,9.0
미루다,1.0,3.0,0.0,2.0
미리,0.0,4.0,3.0,0.0
미소,6.0,9.0,1.0,1.0
미술,7.0,4.0,2.0,2.0
미안하다,28.0,42.0,26.0,13.0
미용사,2.0,1.0,2.0,2.0
미우다,9.0,13.0,10.0,7.0
미워하다,0.0,12.0,10.0,1.0
미치다,8.0,14.0,12.0,4.0
민감하다,6.0,0.0,2.0,0.0
민망하다,2.0,2.0,1.0,0.0
믿다,3.0,6.0,5.0,4.0
밀다,1.0,17.0,4.0,7.0
밀리다,1.0,4.0,0.0,2.0
밀치다,8.0,24.0,3.0,8.0
밉다,2.0,7.0,11.0,6.0
바꾸다,3.0,7.0,9.0,6.0
바뀌다,3.0,12.0,8.0,7.0
바늘,2.0,4.0,3.0,2.0
바다,1.0,2.0,0.0,5.0
바닥,4.0,24.0,7.0,4.0
바람,3.0,6.0,4.0,2.0
바로,28.0,69.0,38.0,29.0
바로바로,0.0,3.0,2.0,0.0
바르다,10.0,69.0,8.0,9.0
바보,9.0,16.0,9.0,3.0
바쁘다,44.0,51.0,35.0,83.0
바지,27.0,5.0,1.0,2.0
박다,1.0,7.0,1.0,4.0
박아,0.0,1.0,3.0,1.0
박지르다,1.0,5.0,2.0,0.0
박히다,0.0,5.0,3.0,1.0
반납,5.0,0.0,1.0,1.0
반년,2.0,6.0,1.0,0.0
반대,1.0,0.0,3.0,1.0
반복,4.0,9.0,4.0,0.0
반성,3.0,4.0,5.0,5.0
반응,4.0,0.0,3.0,2.0
반찬,0.0,20.0,5.0,3.0
반창고,1.0,6.0,1.0,2.0
반항,2.0,3.0,1.0,0.0
받다,58.0,122.0,91.0,57.0
발라,5.0,23.0,2.0,0.0
발레리나,3.0,0.0,2.0,0.0
발목,3.0,7.0,4.0,3.0
발바닥,0.0,15.0,2.0,0.0
발표,4.0,5.0,2.0,4.0
밝다,11.0,22.0,12.0,3.0
밟다,6.0,22.0,1.0,2.0
밤늦다,0.0,4.0,3.0,10.0
밤새다,1.0,2.0,2.0,0.0
밥상,0.0,5.0,2.0,0.0
방과,3.0,3.0,6.0,0.0
방망이,0.0,19.0,1.0,1.0
방문,0.0,8.0,6.0,1.0
방법,12.0,27.0,13.0,10.0
방송,7.0,1.0,2.0,0.0
방이,1.0,6.0,3.0,2.0
방해,1.0,13.0,2.0,2.0
배고프다,1.0,12.0,8.0,46.0
배다,1.0,8.0,2.0,5.0
배달,4.0,7.0,0.0,7.0
배드민턴,1.0,10.0,3.0,3.0
배랑,6.0,15.0,0.0,0.0
배부르다,0.0,2.0,1.0,2.0
배신,3.0,1.0,2.0,1.0
배우,8.0,3.0,2.0,0.0
배우다,14.0,21.0,10.0,6.0
배탈,0.0,0.0,1.0,4.0
밴드,6.0,17.0,6.0,7.0
뱉다,0.0,2.0,2.0,2.0
버려지다,0.0,1.0,4.0,2.0
버릇,1.0,8.0,1.0,0.0
버리다,27.0,102.0,79.0,36.0
버스,11.0,1.0,1.0,2.0
버티다,0.0,3.0,3.0,0.0
벅차다,2.0,1.0,0.0,2.0
번갈아,2.0,6.0,3.0,1.0
번만,8.0,7.0,3.0,0.0
번요,4.0,3.0,4.0,3.0
번은,66.0,221.0,75.0,72.0
번인,1.0,5.0,3.0,2.0
번호,4.0,0.0,2.0,1.0
벌다,15.0,46.0,15.0,25.0
벌레,3.0,4.0,2.0,3.0
벌리다,8.0,1.0,1.0,0.0
벌써,4.0,7.0,5.0,6.0
벌주다,2.0,8.0,3.0,2.0
벗기다,36.0,5.0,2.0,1.0
벗다,33.0,1.0,1.0,1.0
벗어나다,6.0,11.0,3.0,1.0
베개,2.0,9.0,4.0,3.0
베다,4.0,10.0,4.0,3.0
베란다,0.0,7.0,5.0,3.0
베트남,1.0,1.0,3.0,2.0
벤치,2.0,1.0,1.0,1.0
변태,11.0,1.0,0.0,0.0
변하다,4.0,23.0,8.0,5.0
변호사,4.0,8.0,9.0,2.0
별거,5.0,8.0,4.0,2.0
별것,0.0,4.0,1.0,0.0
별로,74.0,143.0,83.0,109.0
별일,0.0,4.0,1.0,0.0
병원,80.0,373.0,84.0,124.0
보건,2.0,7.0,4.0,6.0
보고,69.0,141.0,106.0,76.0
보기,14.0,43.0,30.0,18.0
보내다,48.0,28.0,17.0,24.0
보다,231.0,458.0,255.0,211.0
보더,0.0,4.0,0.0,2.0
보드,3.0,13.0,1.0,1.0
보드게임,10.0,30.0,22.0,7.0
보라,18.0,5.0,7.0,5.0
보름,3.0,3.0,0.0,3.0
보살피다,0.0,5.0,1.0,10.0
보시,0.0,9.0,0.0,0.0
보여주다,28.0,11.0,13.0,4.0
보육원,2.0,9.0,8.0,2.0
보이,15.0,31.0,15.0,13.0
보이다,78.0,88.0,51.0,53.0
보지,3.0,4.0,4.0,3.0
보통,26.0,76.0,29.0,27.0
보호,3.0,5.0,3.0,2.0
보호자,1.0,3.0,0.0,3.0
복도,2.0,8.0,11.0,1.0
복수,1.0,4.0,2.0,4.0
복잡하다,16.0,35.0,10.0,12.0
본인,2.0,18.0,1.0,8.0
부끄럽다,19.0,8.0,11.0,12.0
부다,0.0,29.0,4.0,2.0
부드럽다,1.0,6.0,2.0,1.0
부딪치다,1.0,4.0,0.0,1.0
부딪히다,6.0,20.0,7.0,1.0
부러,1.0,4.0,0.0,0.0
부러지다,1.0,38.0,5.0,5.0
부럽다,2.0,4.0,1.0,4.0
부르다,26.0,50.0,24.0,20.0
부리다,1.0,12.0,3.0,5.0
부모,2.0,7.0,6.0,3.0
부모님,60.0,93.0,54.0,51.0
부분,22.0,10.0,3.0,0.0
부서지다,0.0,7.0,2.0,2.0
부수,1.0,7.0,0.0,2.0
부어,2.0,22.0,3.0,3.0
부엌,1.0,1.0,4.0,0.0
부위,10.0,5.0,0.0,0.0
부자,2.0,4.0,1.0,4.0
부족하다,3.0,7.0,6.0,7.0
부터,32.0,51.0,30.0,31.0
분노,1.0,3.0,1.0,0.0
분만,0.0,4.0,3.0,1.0
분위기,0.0,8.0,6.0,3.0
분하다,0.0,6.0,1.0,0.0
불다,27.0,43.0,21.0,15.0
불만,0.0,13.0,12.0,4.0
불법,4.0,1.0,0.0,0.0
불쌍하다,6.0,36.0,26.0,10.0
불쑥,1.0,5.0,1.0,0.0
불안,0.0,5.0,2.0,0.0
불안하다,44.0,82.0,49.0,35.0
불쾌하다,4.0,2.0,0.0,0.0
불편하다,44.0,52.0,32.0,29.0
불행,1.0,10.0,4.0,4.0
불행하다,108.0,277.0,179.0,116.0
붓다,1.0,13.0,4.0,0.0
붕대,1.0,7.0,1.0,2.0
붙다,4.0,7.0,6.0,2.0
붙이,2.0,6.0,1.0,3.0
붙이다,11.0,22.0,12.0,7.0
붙잡다,4.0,7.0,4.0,1.0
블록,2.0,2.0,0.0,2.0
비교,5.0,16.0,30.0,6.0
비난,0.0,13.0,6.0,0.0
비다,3.0,2.0,1.0,3.0
비밀,7.0,6.0,2.0,4.0
비비다,5.0,0.0,0.0,0.0
비슷하다,32.0,21.0,5.0,11.0
비싸다,1.0,1.0,1.0,10.0
비웃다,2.0,2.0,5.0,0.0
비참하다,6.0,10.0,8.0,3.0
빌다,0.0,2.0,1.0,2.0
빌리다,8.0,10.0,2.0,3.0
빌어,0.0,5.0,1.0,1.0
빗자루,0.0,13.0,0.0,1.0
빠르다,0.0,9.0,4.0,3.0
빠지다,12.0,25.0,9.0,8.0
빡치다,2.0,3.0,0.0,0.0
빨갛다,4.0,46.0,2.0,7.0
빨다,4.0,5.0,8.0,14.0
빨래,16.0,63.0,28.0,118.0
빨리,34.0,92.0,41.0,36.0
빼다,28.0,47.0,23.0,18.0
뺏다,4.0,10.0,5.0,9.0
뻐근하다,1.0,6.0,3.0,1.0
뻔하다,2.0,7.0,7.0,4.0
뻗치다,0.0,15.0,3.0,0.0
뽀뽀,41.0,0.0,0.0,1.0
뽑다,0.0,7.0,1.0,1.0
뽑히다,0.0,5.0,0.0,0.0
뾰족,1.0,4.0,1.0,0.0
뿌듯하다,3.0,3.0,0.0,3.0
뿌리,3.0,1.0,2.0,1.0
뿌리다,8.0,1.0,4.0,0.0
삐끗,1.0,2.0,2.0,0.0
삐었어,0.0,8.0,1.0,0.0
사건,7.0,4.0,1.0,0.0
사고,6.0,6.0,8.0,5.0
사과,8.0,11.0,5.0,5.0
사과받다,3.0,0.0,2.0,0.0
사귀다,5.0,2.0,2.0,12.0
사다,12.0,14.0,2.0,7.0
사라지다,8.0,26.0,9.0,7.0
사람인,2.0,5.0,5.0,0.0
사랑,33.0,46.0,21.0,10.0
사랑받다,1.0,3.0,2.0,3.0
사르다,1.0,5.0,3.0,5.0
사범,4.0,3.0,1.0,0.0
사서,3.0,5.0,0.0,6.0
사소하다,4.0,4.0,5.0,6.0
사실,26.0,31.0,16.0,10.0
사용,3.0,25.0,11.0,6.0
사이,31.0,78.0,40.0,29.0
사이좋다,12.0,38.0,11.0,9.0
사이즈,1.0,3.0,1.0,3.0
사이트,3.0,3.0,0.0,0.0
사자,0.0,0.0,1.0,4.0
사장,5.0,6.0,2.0,5.0
사주다,21.0,38.0,11.0,21.0
사진,62.0,11.0,8.0,6.0
사촌,5.0,1.0,2.0,0.0
사탕,1.0,5.0,2.0,3.0
사회,1.0,6.0,0.0,1.0
산다,1.0,4.0,2.0,4.0
산책,14.0,13.0,5.0,2.0
살기,8.0,18.0,8.0,10.0
살다,70.0,158.0,68.0,85.0
살라,1.0,2.0,3.0,1.0
살리다,2.0,5.0,1.0,1.0
살아가다,2.0,4.0,2.0,0.0
살이,13.0,9.0,6.0,5.0
살짝,7.0,31.0,13.0,13.0
살찌다,2.0,0.0,3.0,3.0
삼십,9.0,24.0,20.0,5.0
삼일,0.0,7.0,1.0,1.0
삼촌,8.0,4.0,3.0,2.0
상관없다,7.0,5.0,1.0,10.0
상냥하다,10.0,8.0,10.0,6.0
상담,12.0,49.0,15.0,17.0
상담사,2.0,4.0,0.0,2.0
상상,6.0,9.0,2.0,4.0
상처,7.0,100.0,15.0,9.0
상쾌하다,4.0,12.0,7.0,3.0
상하,0.0,3.0,0.0,3.0
상한,0.0,3.0,0.0,7.0
새다,4.0,5.0,1.0,1.0
새롭다,18.0,17.0,11.0,14.0
새벽,18.0,43.0,21.0,33.0
새아빠,10.0,13.0,6.0,4.0
새엄마,0.0,32.0,13.0,2.0
색깔,2.0,1.0,3.0,0.0
색연필,1.0,2.0,1.0,1.0
색칠,2.0,6.0,2.0,3.0
생각,187.0,382.0,245.0,162.0
생각나다,80.0,85.0,41.0,15.0
생기,2.0,17.0,5.0,8.0
생기다,33.0,48.0,15.0,20.0
생리,6.0,0.0,0.0,0.0
생생하다,2.0,3.0,1.0,0.0
생일,7.0,2.0,2.0,1.0
생활,1.0,8.0,8.0,6.0
샤워,4.0,6.0,0.0,2.0
서너,15.0,19.0,9.0,10.0
서다,15.0,32.0,24.0,15.0
서랍,3.0,1.0,1.0,1.0
서럽다,0.0,4.0,3.0,2.0
서로,16.0,51.0,27.0,27.0
서서,3.0,1.0,3.0,0.0
서요,5.0,22.0,10.0,7.0
서운하다,11.0,3.0,5.0,5.0
서점,3.0,1.0,0.0,2.0
섞다,1.0,2.0,2.0,4.0
선물,1.0,4.0,0.0,2.0
선배,3.0,1.0,1.0,0.0
선생님,192.0,361.0,188.0,153.0
선수,1.0,30.0,11.0,2.0
설거지,0.0,4.0,4.0,3.0
설명,5.0,11.0,8.0,5.0
설사,0.0,4.0,0.0,8.0
섭섭하다,5.0,2.0,1.0,6.0
성격,17.0,42.0,19.0,13.0
성공하다,2.0,0.0,2.0,1.0
성기,32.0,0.0,0.0,0.0
성문,12.0,3.0,5.0,5.0
성인,4.0,6.0,1.0,0.0
성적,5.0,20.0,36.0,6.0
성적표,0.0,6.0,5.0,1.0
성질,0.0,6.0,2.0,1.0
성폭행,8.0,0.0,0.0,0.0
세계,1.0,5.0,2.0,1.0
세다,22.0,57.0,11.0,7.0
세상,11.0,32.0,16.0,9.0
세수,2.0,5.0,1.0,0.0
세우다,2.0,15.0,2.0,2.0
세제,0.0,2.0,0.0,6.0
세탁,1.0,1.0,1.0,3.0
세탁기,0.0,8.0,2.0,11.0
센터,13.0,29.0,16.0,18.0
셀카,4.0,0.0,1.0,0.0
소개,5.0,0.0,3.0,0.0
소독,2.0,5.0,1.0,3.0
소름,16.0,4.0,1.0,3.0
소리,53.0,225.0,126.0,69.0
소리치다,1.0,19.0,13.0,5.0
소문,7.0,9.0,1.0,2.0
소문나다,7.0,3.0,3.0,1.0
소방관,1.0,2.0,5.0,2.0
소변,5.0,1.0,0.0,0.0
소설,6.0,4.0,3.0,2.0
소심하다,0.0,2.0,1.0,3.0
소용,2.0,6.0,3.0,0.0
소용없다,2.0,1.0,1.0,2.0
소주,0.0,3.0,2.0,6.0
소중하다,21.0,5.0,3.0,1.0
소풍,2.0,1.0,1.0,1.0
소화,13.0,10.0,14.0,5.0
속상하다,31.0,75.0,55.0,40.0
속옷,22.0,3.0,1.0,1.0
속이다,9.0,12.0,8.0,16.0
손가락,35.0,15.0,6.0,9.0
손가락질,3.0,1.0,5.0,1.0
손등,1.0,3.0,0.0,2.0
손목,16.0,17.0,5.0,5.0
손바닥,4.0,50.0,9.0,4.0
손발,0.0,3.0,1.0,2.0
손잡다,1.0,1.0,0.0,3.0
손잡이,0.0,6.0,0.0,0.0
손톱,4.0,12.0,4.0,2.0
손흥민,0.0,3.0,1.0,1.0
솔직하다,6.0,13.0,4.0,3.0
쇼핑,11.0,3.0,3.0,2.0
수가,13.0,42.0,19.0,18.0
수건,3.0,1.0,0.0,2.0
수군거리다,2.0,0.0,3.0,0.0
수다,23.0,27.0,14.0,9.0
수도,8.0,33.0,15.0,9.0
수술,1.0,3.0,0.0,3.0
수업,33.0,59.0,34.0,28.0
수영,0.0,7.0,6.0,0.0
수영장,1.0,5.0,3.0,2.0
수요일,5.0,3.0,4.0,2.0
수의사,0.0,5.0,5.0,0.0
수치,20.0,6.0,4.0,1.0
수학,3.0,24.0,13.0,2.0
숙제,28.0,57.0,56.0,18.0
순간,7.0,16.0,4.0,5.0
술래잡기,7.0,15.0,9.0,1.0
술병,0.0,3.0,0.0,2.0
숨기다,0.0,3.0,1.0,4.0
숨다,9.0,27.0,15.0,5.0
숨바꼭질,1.0,4.0,0.0,1.0
숨쉬기,3.0,12.0,1.0,2.0
숫자,0.0,3.0,2.0,0.0
쉬다,18.0,35.0,29.0,28.0
쉽다,2.0,2.0,7.0,1.0
스럽다,26.0,10.0,11.0,7.0
스무,2.0,2.0,2.0,1.0
스스로,12.0,5.0,9.0,4.0
스치다,4.0,1.0,0.0,0.0
스트레스,32.0,68.0,56.0,29.0
스티커,3.0,5.0,4.0,4.0
슬라임,1.0,1.0,2.0,2.0
슬프다,56.0,158.0,112.0,71.0
습관,3.0,7.0,3.0,3.0
승무원,5.0,3.0,1.0,0.0
시끄럽다,7.0,41.0,11.0,13.0
시나,0.0,2.0,1.0,3.0
시내,0.0,3.0,5.0,3.0
시늉,1.0,4.0,0.0,1.0
시도,8.0,15.0,11.0,7.0
시비,3.0,16.0,7.0,6.0
시설,39.0,61.0,26.0,16.0
시엔,1.0,1.0,3.0,1.0
시원하다,3.0,7.0,4.0,4.0
시작,13.0,38.0,15.0,17.0
시키다,51.0,82.0,61.0,41.0
시합,1.0,5.0,1.0,0.0
식당,1.0,4.0,2.0,0.0
식사,0.0,5.0,1.0,1.0
식은땀,40.0,36.0,17.0,10.0
식이,1.0,4.0,2.0,0.0
식칼,0.0,6.0,7.0,0.0
식탁,2.0,7.0,4.0,4.0
신가,2.0,5.0,3.0,4.0
신경,43.0,69.0,40.0,79.0
신경질,4.0,11.0,6.0,3.0
신고,13.0,62.0,34.0,45.0
신기하다,3.0,4.0,2.0,6.0
신나다,7.0,12.0,4.0,2.0
신나요,7.0,10.0,4.0,3.0
신다,3.0,9.0,3.0,12.0
신발,10.0,27.0,14.0,52.0
신어,0.0,0.0,2.0,5.0
실내,1.0,5.0,0.0,0.0
실력,0.0,4.0,0.0,1.0
실망하다,7.0,2.0,3.0,0.0
실수,5.0,25.0,11.0,5.0
실제,15.0,15.0,8.0,4.0
실컷,0.0,3.0,1.0,2.0
싫다,178.0,306.0,202.0,117.0
싫어지다,6.0,5.0,3.0,2.0
싫어하다,25.0,85.0,52.0,42.0
심부름,1.0,6.0,1.0,5.0
심심하다,8.0,4.0,4.0,10.0
심장,31.0,57.0,27.0,7.0
심지어,0.0,4.0,4.0,2.0
심하다,13.0,105.0,46.0,33.0
심해,1.0,6.0,5.0,1.0
심해지다,7.0,13.0,11.0,10.0
심호흡,5.0,3.0,0.0,0.0
싸가지,0.0,8.0,2.0,0.0
싸다,2.0,3.0,2.0,1.0
싸우다,41.0,154.0,98.0,52.0
싸움,1.0,11.0,8.0,4.0
쌀쌀,2.0,5.0,2.0,1.0
쌍욕,1.0,4.0,2.0,0.0
쌓이다,3.0,9.0,4.0,6.0
써다,21.0,39.0,31.0,24.0
써주다,14.0,20.0,13.0,14.0
쏟다,0.0,4.0,0.0,2.0
쑤시다,0.0,13.0,7.0,8.0
쓰다,27.0,56.0,44.0,27.0
쓰다듬다,6.0,3.0,0.0,0.0
쓰라리다,3.0,3.0,2.0,2.0
쓰러지다,4.0,4.0,5.0,3.0
쓰레기,1.0,7.0,4.0,13.0
쓰리다,5.0,2.0,1.0,3.0
쓰이다,16.0,12.0,6.0,10.0
쓸다,9.0,21.0,12.0,10.0
쓸데없다,2.0,2.0,0.0,2.0
쓸모,1.0,13.0,10.0,4.0
쓸모없다,1.0,32.0,20.0,7.0
씹다,2.0,2.0,2.0,0.0
씻다,10.0,6.0,4.0,17.0
아기,2.0,7.0,3.0,1.0
아깝다,39.0,36.0,22.0,9.0
아끼다,19.0,16.0,16.0,9.0
아나운서,5.0,7.0,3.0,1.0
아뇨,9.0,8.0,9.0,5.0
아동,1.0,2.0,1.0,2.0
아들,4.0,9.0,10.0,5.0
아래,12.0,3.0,1.0,3.0
아마,6.0,15.0,7.0,14.0
아마도,4.0,6.0,3.0,2.0
아무,48.0,119.0,65.0,105.0
아무래도,1.0,2.0,0.0,3.0
아무렇다,2.0,11.0,4.0,5.0
아무리,3.0,13.0,3.0,9.0
아버지,6.0,7.0,14.0,9.0
아빠,192.0,458.0,256.0,206.0
아쉽다,6.0,0.0,1.0,2.0
아예,8.0,14.0,7.0,18.0
아이,7.0,27.0,17.0,12.0
아이돌,19.0,23.0,19.0,6.0
아이스크림,3.0,4.0,0.0,2.0
아이템,3.0,0.0,2.0,0.0
아저씨,94.0,38.0,11.0,12.0
아주,3.0,25.0,9.0,10.0
아줌마,4.0,20.0,5.0,8.0
아직,52.0,97.0,58.0,48.0
아직도,13.0,22.0,6.0,4.0
아침,33.0,67.0,49.0,47.0
아파트,4.0,6.0,3.0,2.0
아프다,212.0,436.0,204.0,204.0
아홉,8.0,32.0,19.0,21.0
악마,1.0,8.0,4.0,1.0
악몽,14.0,57.0,15.0,10.0
안_가다,20.0,80.0,25.0,35.0
안_가두,0.0,0.0,2.0,3.0
안_가라앉다,0.0,5.0,0.0,0.0
안_가보다,0.0,10.0,2.0,1.0
안_가져오다,1.0,3.0,3.0,0.0
안_가지,3.0,7.0,0.0,0.0
안_가지다,3.0,12.0,2.0,3.0
안_갈다,0.0,3.0,2.0,0.0
안_같이,0.0,4.0,3.0,0.0
안_개운하다,8.0,3.0,5.0,2.0
안_건드리다,1.0,1.0,1.0,2.0
안_걸다,2.0,5.0,3.0,5.0
안_걸리다,0.0,2.0,2.0,2.0
안_계시다,4.0,2.0,1.0,3.0
안_괜찮다,6.0,16.0,11.0,2.0
안_괴롭히다,4.0,16.0,8.0,11.0
안_굶다,4.0,9.0,5.0,5.0
안_그렇게,0.0,2.0,1.0,3.0
안_깨다,5.0,15.0,4.0,11.0
안_깨지다,10.0,23.0,6.0,8.0
안_꾸다,128.0,241.0,164.0,159.0
안_끼우다,3.0,2.0,1.0,0.0
안_나가다,7.0,7.0,2.0,8.0
안_나쁘다,14.0,21.0,13.0,17.0
안_나서다,1.0,11.0,3.0,2.0
안_나아지다,3.0,7.0,5.0,4.0
안_나오다,5.0,15.0,11.0,6.0
안_나진,0.0,5.0,0.0,1.0
안_내다,2.0,23.0,12.0,5.0
안_내주다,2.0,5.0,2.0,1.0
안_내지,1.0,2.0,2.0,2.0
안_놀다,29.0,20.0,14.0,45.0
안_놀리다,4.0,4.0,0.0,3.0
안_놓다,4.0,2.0,0.0,0.0
안_느끼다,3.0,1.0,0.0,4.0
안_다니다,3.0,7.0,2.0,8.0
안_다치다,8.0,32.0,16.0,13.0
안_대답,1.0,4.0,0.0,0.0
안_데려가다,4.0,36.0,7.0,31.0
안_도와주다,1.0,5.0,2.0,1.0
안_돌보다,0.0,9.0,1.0,17.0
안_돌아오다,0.0,2.0,2.0,2.0
안_돼다,44.0,59.0,53.0,45.0
안_되어다,0.0,4.0,2.0,6.0
안_두다,1.0,5.0,2.0,5.0
안_듣다,4.0,53.0,14.0,13.0
안_들다,30.0,131.0,59.0,28.0
안_들리다,4.0,2.0,1.0,2.0
안_들어가다,1.0,5.0,0.0,1.0
안_들어서다,3.0,31.0,15.0,5.0
안_들어오다,2.0,12.0,9.0,33.0
안_들어주다,13.0,7.0,9.0,3.0
안_따르다,1.0,2.0,0.0,2.0
안_딱하다,0.0,5.0,3.0,2.0
안_때리다,15.0,65.0,52.0,24.0
안_떠오르다,2.0,6.0,3.0,0.0
안_마시다,10.0,28.0,14.0,9.0
안_만나다,2.0,1.0,2.0,1.0
안_만지다,8.0,0.0,0.0,1.0
안_많다,2.0,6.0,4.0,2.0
안_말다,4.0,15.0,9.0,6.0
안_맞다,5.0,25.0,8.0,7.0
안_먹다,10.0,30.0,19.0,13.0
안_멈추다,1.0,3.0,1.0,0.0
안_무섭다,2.0,8.0,4.0,3.0
안_물어보다,5.0,2.0,3.0,1.0
안_뭐라다,1.0,5.0,2.0,1.0
안_믿다,3.0,4.0,3.0,1.0
안_받다,8.0,29.0,6.0,18.0
안_변하다,1.0,4.0,0.0,0.0
안_별로,2.0,6.0,8.0,7.0
안_보고,2.0,3.0,4.0,0.0
안_보내다,9.0,2.0,3.0,10.0
안_보다,16.0,17.0,9.0,10.0
안_보이다,3.0,13.0,5.0,1.0
안_보지,1.0,2.0,3.0,1.0
안_복잡하다,0.0,4.0,1.0,2.0
안_불편하다,6.0,3.0,2.0,1.0
안_불행하다,3.0,6.0,6.0,3.0
안_빠지다,6.0,8.0,5.0,2.0
안_빨다,0.0,1.0,0.0,4.0
안_사다,1.0,2.0,1.0,2.0
안_사랑,0.0,3.0,1.0,3.0
안_사주다,0.0,16.0,1.0,14.0
안_살다,6.0,30.0,12.0,13.0
안_생각,17.0,14.0,9.0,5.0
안_생각나다,2.0,1.0,2.0,0.0
안_생기다,2.0,4.0,3.0,0.0
안_선생님,1.0,3.0,1.0,1.0
안_쉬다,9.0,10.0,5.0,2.0
안_슬프다,2.0,7.0,6.0,5.0
안_시키다,3.0,5.0,2.0,4.0
안_싫다,4.0,3.0,5.0,6.0
안_심하다,4.0,3.0,3.0,1.0
안_싸우다,11.0,36.0,26.0,12.0
안_써다,5.0,16.0,7.0,33.0
안_써주다,0.0,1.0,0.0,8.0
안_쓰다,5.0,9.0,4.0,18.0
안_쓸다,1.0,0.0,2.0,3.0
안_아무렇다,7.0,16.0,9.0,11.0
안_아빠,0.0,8.0,3.0,4.0
안_아프다,28.0,40.0,26.0,30.0
안_알다,1.0,2.0,0.0,2.0
안_엄마,2.0,2.0,5.0,2.0
안_없어지다,2.0,4.0,0.0,0.0
안_오다,47.0,129.0,53.0,110.0
안_오르다,0.0,2.0,4.0,2.0
안_오지,2.0,2.0,2.0,5.0
안_올라서다,0.0,0.0,2.0,3.0
안_움직이다,4.0,1.0,0.0,1.0
안_웃다,4.0,6.0,1.0,3.0
안_이야기,3.0,2.0,2.0,2.0
안_일어나다,4.0,11.0,5.0,2.0
안_일어나지,1.0,3.0,1.0,1.0
안_일주일,1.0,2.0,1.0,1.0
안_입다,7.0,3.0,3.0,6.0
안_잡히다,3.0,0.0,2.0,1.0
안_적다,1.0,3.0,2.0,1.0
안_적도,0.0,3.0,1.0,1.0
안_졸리다,0.0,2.0,1.0,5.0
안_좋다,80.0,237.0,128.0,87.0
안_좋아지다,13.0,36.0,24.0,13.0
안_좋아하다,10.0,25.0,17.0,16.0
안_주다,3.0,27.0,8.0,29.0
안_주지,0.0,9.0,7.0,6.0
안_죽다,8.0,14.0,6.0,8.0
안_즐겁다,40.0,76.0,38.0,35.0
안_지내다,2.0,3.0,0.0,0.0
안_지르다,2.0,5.0,13.0,2.0
안_지키다,4.0,7.0,2.0,0.0
안_짜증,3.0,3.0,3.0,1.0
안_찍다,4.0,1.0,0.0,0.0
안_차리다,1.0,6.0,1.0,5.0
안_차별,0.0,6.0,4.0,3.0
안_챙기다,1.0,14.0,5.0,33.0
안_쳐다보다,3.0,3.0,2.0,7.0
안_치료받다,0.0,5.0,1.0,1.0
안_친하다,8.0,10.0,4.0,9.0
안_태어나다,0.0,3.0,0.0,2.0
안_편이,0.0,1.0,2.0,2.0
안_풀다,25.0,66.0,28.0,30.0
안_풀리다,14.0,53.0,14.0,15.0
안_피곤하다,2.0,9.0,2.0,3.0
안_하진,10.0,8.0,4.0,5.0
안_해보다,2.0,3.0,4.0,1.0
안_해봤다,18.0,35.0,23.0,16.0
안_해주다,8.0,22.0,6.0,22.0
안_해치,2.0,2.0,2.0,0.0
안_행동,0.0,1.0,0.0,8.0
안_행복하다,39.0,75.0,43.0,43.0
안_혼나다,13.0,13.0,18.0,26.0
안_혼내다,12.0,15.0,13.0,20.0
안_화가,1.0,3.0,1.0,0.0
안_화나다,1.0,2.0,2.0,0.0
안_화목,0.0,3.0,1.0,2.0
안_힘들다,25.0,28.0,9.0,20.0
안고,7.0,3.0,1.0,0.0
안나,4.0,3.0,1.0,3.0
안내,2.0,1.0,0.0,2.0
안다,14.0,13.0,6.0,7.0
안되다,10.0,6.0,12.0,4.0
안방,3.0,2.0,1.0,1.0
안심,4.0,10.0,0.0,0.0
안쓰럽다,3.0,13.0,5.0,2.0
안전하다,0.0,7.0,1.0,1.0
안정,3.0,6.0,2.0,1.0
안쪽,4.0,8.0,1.0,1.0
안타깝다,0.0,2.0,2.0,1.0
안해,2.0,4.0,4.0,4.0
앉다,28.0,35.0,22.0,15.0
앉히다,6.0,3.0,5.0,1.0
알다,54.0,91.0,66.0,71.0
알람,0.0,1.0,3.0,1.0
알바,1.0,1.0,2.0,3.0
알아보다,4.0,5.0,2.0,1.0
알아주다,1.0,3.0,3.0,0.0
압수,4.0,1.0,1.0,0.0
앞니,1.0,4.0,1.0,1.0
애가,9.0,14.0,8.0,7.0
애교,1.0,3.0,0.0,1.0
애니,3.0,1.0,2.0,0.0
애니메이션,3.0,7.0,3.0,5.0
애초,1.0,1.0,1.0,3.0
야구,0.0,21.0,3.0,2.0
야구공,0.0,5.0,0.0,0.0
야구선수,0.0,3.0,1.0,1.0
야단,0.0,3.0,0.0,2.0
야동,3.0,0.0,2.0,0.0
야하다,5.0,2.0,1.0,0.0
약간,7.0,6.0,4.0,8.0
약국,1.0,3.0,0.0,4.0
약도,1.0,4.0,0.0,1.0
약속,15.0,29.0,21.0,13.0
약하다,5.0,12.0,4.0,3.0
얄밉다,0.0,2.0,3.0,0.0
얌전하다,0.0,4.0,2.0,0.0
양말,0.0,0.0,2.0,3.0
양치,2.0,4.0,1.0,1.0
얘기,99.0,155.0,103.0,74.0
어깨,11.0,17.0,0.0,2.0
어느,3.0,5.0,2.0,6.0
어도,0.0,5.0,1.0,1.0
어둡다,1.0,1.0,3.0,2.0
어디,16.0,36.0,12.0,12.0
어디서,1.0,7.0,3.0,3.0
어떡하다,9.0,17.0,8.0,9.0
어떻다,84.0,132.0,69.0,61.0
어렵다,33.0,69.0,35.0,31.0
어리다,19.0,57.0,30.0,46.0
어색하다,5.0,2.0,4.0,2.0
어서,2.0,1.0,2.0,0.0
어요,9.0,4.0,4.0,2.0
어울리다,1.0,3.0,3.0,2.0
어제,27.0,85.0,30.0,28.0
어젯밤,1.0,1.0,3.0,2.0
어지럽다,2.0,8.0,6.0,4.0
어지르다,0.0,1.0,2.0,2.0
어쩌나,1.0,1.0,0.0,4.0
어쩌다,3.0,6.0,2.0,3.0
어쩌다가,1.0,2.0,1.0,2.0
어쩌지,0.0,2.0,1.0,3.0
어쩔,4.0,8.0,6.0,6.0
어차피,2.0,13.0,9.0,11.0
어플,2.0,0.0,1.0,2.0
억울하다,6.0,16.0,11.0,3.0
억지로,24.0,28.0,20.0,6.0
언니,39.0,35.0,30.0,26.0
언제,19.0,96.0,35.0,24.0
언제나,6.0,4.0,3.0,2.0
언젠가,2.0,2.0,1.0,1.0
얼굴,51.0,162.0,43.0,32.0
얼른,3.0,9.0,6.0,3.0
얼마,19.0,26.0,15.0,11.0
얼마나,5.0,2.0,5.0,6.0
얼얼하다,0.0,5.0,1.0,0.0
얼음찜질,1.0,3.0,3.0,0.0
엄격하다,2.0,6.0,8.0,1.0
엄마,240.0,445.0,288.0,234.0
엄청,94.0,208.0,147.0,72.0
엄청나다,19.0,23.0,15.0,7.0
없어지다,11.0,43.0,16.0,8.0
없이,29.0,90.0,39.0,35.0
엉덩이,37.0,82.0,4.0,9.0
엉망,0.0,2.0,1.0,3.0
엉엉,2.0,5.0,2.0,1.0
엊그제,0.0,12.0,3.0,0.0
엎드리다,4.0,26.0,4.0,3.0
에버랜드,1.0,1.0,0.0,3.0
여기다,1.0,3.0,5.0,1.0
여기저기,9.0,25.0,2.0,2.0
여덟,78.0,131.0,93.0,87.0
여동생,18.0,50.0,31.0,31.0
여러,24.0,48.0,8.0,16.0
여름,6.0,8.0,4.0,6.0
여름방학,1.0,0.0,3.0,2.0
여섯,47.0,90.0,40.0,44.0
여요,4.0,2.0,0.0,1.0
여유,1.0,3.0,1.0,2.0
여자,10.0,6.0,2.0,4.0
여자애,2.0,7.0,3.0,4.0
여자친구,1.0,3.0,1.0,2.0
여전하다,3.0,1.0,0.0,1.0
여행,9.0,17.0,3.0,4.0
역겹다,7.0,3.0,2.0,0.0
연고,5.0,22.0,2.0,4.0
연기,5.0,5.0,0.0,1.0
연도,4.0,0.0,0.0,1.0
연락,50.0,16.0,17.0,18.0
연습,13.0,16.0,9.0,3.0
연예인,7.0,4.0,3.0,3.0
연주,5.0,2.0,2.0,0.0
연필,1.0,4.0,0.0,2.0
열다,6.0,8.0,12.0,9.0
열리다,2.0,1.0,1.0,1.0
열심히,6.0,20.0,25.0,7.0
열한,92.0,170.0,115.0,71.0
영상,27.0,32.0,24.0,10.0
영상통화,9.0,0.0,0.0,1.0
영어,4.0,8.0,9.0,3.0
영어학원,2.0,0.0,4.0,0.0
영화,14.0,17.0,10.0,8.0
영화감독,4.0,0.0,2.0,0.0
옆구리,0.0,7.0,0.0,0.0
옆집,4.0,24.0,7.0,8.0
예능,0.0,2.0,3.0,0.0
예민하다,8.0,10.0,12.0,6.0
예쁘다,48.0,65.0,47.0,27.0
예의,1.0,10.0,2.0,0.0
예전,34.0,66.0,20.0,39.0
옛날,19.0,46.0,17.0,23.0
오거,4.0,4.0,1.0,1.0
오기,4.0,7.0,3.0,5.0
오냐,0.0,1.0,3.0,3.0
오늘,4.0,26.0,16.0,8.0
오다,210.0,401.0,253.0,151.0
오라,14.0,15.0,7.0,14.0
오락실,3.0,3.0,1.0,0.0
오래,18.0,57.0,32.0,30.0
오래되다,0.0,12.0,3.0,8.0
오랫동안,0.0,12.0,3.0,4.0
오르다,5.0,12.0,4.0,0.0
오른쪽,0.0,3.0,2.0,2.0
오빠,48.0,30.0,19.0,7.0
오시,17.0,23.0,8.0,11.0
오신,5.0,13.0,3.0,6.0
오십,2.0,2.0,1.0,1.0
오줌,5.0,2.0,1.0,1.0
오지,4.0,5.0,3.0,0.0
오토바이,1.0,4.0,0.0,0.0
오픈,4.0,1.0,0.0,1.0
오히려,7.0,11.0,7.0,6.0
옥상,4.0,6.0,2.0,1.0
온라인,3.0,4.0,0.0,2.0
온몸,5.0,51.0,4.0,6.0
온화하다,4.0,2.0,1.0,1.0
올라가다,10.0,12.0,10.0,2.0
올라오다,6.0,2.0,4.0,1.0
올리다,19.0,12.0,2.0,5.0
올해,10.0,13.0,8.0,14.0
옮기다,1.0,6.0,4.0,6.0
옷장,1.0,5.0,1.0,0.0
완벽하다,0.0,4.0,1.0,0.0
완전,11.0,26.0,13.0,14.0
완전하다,1.0,4.0,2.0,0.0
왕따,9.0,0.0,6.0,14.0
왜냐하면,1.0,2.0,1.0,1.0
왠지,3.0,0.0,2.0,1.0
외국,2.0,3.0,1.0,2.0
외동,32.0,41.0,33.0,17.0
외동딸,2.0,1.0,1.0,1.0
외로워,0.0,5.0,5.0,10.0
외롭다,4.0,0.0,4.0,8.0
외모,1.0,1.0,4.0,0.0
외식,4.0,4.0,1.0,1.0
외우다,2.0,3.0,2.0,0.0
외출,1.0,2.0,3.0,1.0
외톨이,0.0,2.0,2.0,1.0
외할머니,0.0,4.0,1.0,2.0
왼쪽,3.0,7.0,2.0,2.0
요구,4.0,2.0,1.0,0.0
요리,5.0,11.0,8.0,6.0
요리사,4.0,9.0,5.0,12.0
요새,13.0,10.0,12.0,7.0
욕먹다,1.0,7.0,6.0,1.0
욕설,13.0,32.0,27.0,6.0
용돈,10.0,8.0,7.0,20.0
우리,66.0,156.0,78.0,71.0
우릴,0.0,5.0,1.0,2.0
우선,1.0,4.0,0.0,3.0
우승하다,2.0,2.0,3.0,4.0
우울증,0.0,3.0,4.0,6.0
우울하다,14.0,67.0,33.0,31.0
우유,1.0,1.0,2.0,4.0
욱신거려,1.0,2.0,1.0,1.0
욱해,0.0,8.0,0.0,1.0
운동,9.0,29.0,16.0,3.0
운동선수,2.0,6.0,5.0,0.0
운동장,12.0,26.0,13.0,10.0
운동화,1.0,1.0,0.0,5.0
운동회,0.0,4.0,2.0,1.0
운영,1.0,2.0,0.0,2.0
운전,0.0,4.0,1.0,1.0
운전기사,5.0,0.0,0.0,0.0
울다,36.0,93.0,62.0,23.0
울렁거리다,3.0,6.0,0.0,3.0
울리다,2.0,11.0,3.0,1.0
울면,6.0,21.0,14.0,8.0
울적하다,0.0,3.0,2.0,2.0
움직,4.0,7.0,2.0,0.0
움직이다,2.0,11.0,8.0,4.0
웃기,7.0,10.0,3.0,1.0
웃기다,14.0,16.0,8.0,7.0
웃다,152.0,186.0,132.0,62.0
웃어요,38.0,54.0,20.0,9.0
웃음,8.0,7.0,1.0,4.0
워낙,5.0,1.0,1.0,0.0
원래,70.0,96.0,41.0,46.0
원망,2.0,1.0,1.0,2.0
원인,2.0,2.0,2.0,1.0
원장,18.0,17.0,14.0,4.0
원하다,9.0,9.0,13.0,5.0
월요일,2.0,2.0,1.0,3.0
웬만하다,1.0,4.0,2.0,1.0
웹툰,3.0,11.0,10.0,4.0
위로,10.0,13.0,5.0,2.0
위험하다,3.0,3.0,5.0,5.0
위협,0.0,9.0,6.0,0.0
유독,1.0,6.0,1.0,1.0
유리,1.0,5.0,1.0,0.0
유명하다,7.0,5.0,4.0,4.0
유일하다,2.0,7.0,4.0,2.0
유치원,5.0,16.0,4.0,6.0
유튜버,13.0,17.0,6.0,5.0
유튜브,20.0,38.0,23.0,18.0
유행,3.0,6.0,4.0,0.0
은근,3.0,1.0,3.0,0.0
음식,13.0,20.0,8.0,32.0
음악,9.0,20.0,16.0,7.0
응급실,1.0,4.0,1.0,2.0
응원,2.0,8.0,5.0,2.0
의견,0.0,3.0,1.0,1.0
의대,3.0,0.0,2.0,0.0
의미,6.0,3.0,3.0,0.0
의사,10.0,41.0,27.0,20.0
의심,1.0,5.0,4.0,1.0
의자,7.0,17.0,6.0,3.0
의지,6.0,10.0,5.0,3.0
이건,5.0,10.0,5.0,5.0
이기,1.0,9.0,6.0,3.0
이기다,2.0,11.0,6.0,4.0
이대로,0.0,4.0,3.0,4.0
이러다가,1.0,2.0,4.0,5.0
이렇게,32.0,89.0,46.0,39.0
이렇다,45.0,87.0,60.0,36.0
이르다,17.0,21.0,14.0,4.0
이름,7.0,5.0,7.0,2.0
이마,3.0,23.0,3.0,3.0
이면,4.0,6.0,3.0,3.0
이모,6.0,4.0,1.0,4.0
이미,10.0,1.0,3.0,4.0
이번,71.0,116.0,32.0,21.0
이불,15.0,18.0,9.0,8.0
이빨,0.0,4.0,0.0,2.0
이쁘다,20.0,28.0,13.0,8.0
이사,0.0,3.0,2.0,5.0
이상,8.0,48.0,24.0,26.0
이상은,9.0,35.0,11.0,5.0
이상하다,109.0,69.0,38.0,30.0
이서,31.0,37.0,27.0,16.0
이세,7.0,8.0,5.0,6.0
이십,2.0,2.0,4.0,0.0
이야기,88.0,151.0,106.0,71.0
이어폰,2.0,3.0,0.0,1.0
이요,29.0,37.0,19.0,12.0
이유,13.0,88.0,26.0,18.0
이전,7.0,7.0,3.0,1.0
이주,2.0,3.0,0.0,1.0
이틀,14.0,37.0,17.0,13.0
이해,7.0,22.0,9.0,9.0
이해해,2.0,3.0,4.0,3.0
이혼,7.0,20.0,13.0,23.0
이후,39.0,31.0,13.0,9.0
익숙하다,3.0,3.0,1.0,2.0
인간,2.0,8.0,8.0,2.0
인기,2.0,6.0,3.0,4.0
인대,1.0,4.0,0.0,2.0
인사,10.0,17.0,1.0,5.0
인상,13.0,22.0,22.0,7.0
인생,9.0,17.0,14.0,7.0
인스타,8.0,0.0,0.0,0.0
인자하다,2.0,2.0,1.0,0.0
인정받다,0.0,2.0,3.0,0.0
인지도,3.0,0.0,1.0,2.0
인터넷,20.0,20.0,7.0,12.0
인형,7.0,9.0,6.0,8.0
일곱,184.0,388.0,220.0,168.0
일기,2.0,7.0,3.0,3.0
일기장,0.0,4.0,1.0,2.0
일단,4.0,17.0,11.0,6.0
일도,14.0,19.0,13.0,17.0
일로,3.0,4.0,1.0,3.0
일만,3.0,3.0,5.0,3.0
일방,1.0,9.0,6.0,0.0
일부러,7.0,15.0,6.0,5.0
일상,0.0,7.0,2.0,0.0
일어나고,2.0,6.0,3.0,3.0
일어나다,268.0,507.0,314.0,263.0
일어나서,7.0,14.0,8.0,8.0
일요,1.0,3.0,0.0,2.0
일요일,1.0,2.0,2.0,1.0
일으키다,0.0,4.0,1.0,0.0
일이,39.0,71.0,48.0,32.0
일주일,140.0,339.0,153.0,152.0
일찍,15.0,22.0,19.0,19.0
일해,3.0,6.0,3.0,7.0
읽다,24.0,31.0,21.0,15.0
잃다,1.0,4.0,0.0,1.0
잃어버리다,3.0,2.0,0.0,2.0
입다,35.0,67.0,18.0,121.0
입술,7.0,14.0,0.0,0.0
입원,3.0,15.0,3.0,2.0
입학,1.0,7.0,2.0,2.0
입학식,1.0,0.0,0.0,5.0
입히다,1.0,8.0,1.0,1.0
잊다,4.0,13.0,4.0,3.0
잊어버리다,10.0,6.0,3.0,4.0
자게,1.0,7.0,12.0,2.0
자격,0.0,4.0,4.0,0.0
자고,139.0,268.0,165.0,144.0
자국,3.0,21.0,3.0,0.0
자기,88.0,127.0,66.0,38.0
자꾸,142.0,209.0,112.0,68.0
자꾸만,3.0,16.0,5.0,1.0
자도,0.0,2.0,2.0,1.0
자라다,4.0,10.0,9.0,3.0
자랑,1.0,2.0,0.0,2.0
자로,1.0,6.0,1.0,1.0
자르다,2.0,4.0,6.0,0.0
자리,6.0,9.0,6.0,2.0
자마자,1.0,3.0,2.0,1.0
자살,0.0,6.0,3.0,1.0
자상하다,4.0,1.0,2.0,0.0
자서,140.0,233.0,168.0,131.0
자세,4.0,7.0,0.0,0.0
자세하다,3.0,2.0,1.0,2.0
자식,6.0,10.0,5.0,4.0
자신,10.0,4.0,8.0,2.0
자유롭다,5.0,8.0,4.0,1.0
자전거,7.0,31.0,13.0,4.0
자체,4.0,14.0,9.0,4.0
자해,3.0,6.0,9.0,3.0
작가,10.0,11.0,8.0,3.0
작고,0.0,2.0,4.0,1.0
작년,17.0,23.0,15.0,16.0
작다,19.0,39.0,17.0,58.0
작아지다,2.0,9.0,7.0,19.0
잔뜩,0.0,5.0,2.0,1.0
잔소리,26.0,30.0,63.0,29.0
잖다,6.0,10.0,3.0,4.0
잘나다,2.0,1.0,8.0,1.0
잘못,37.0,88.0,62.0,23.0
잘생기다,1.0,6.0,3.0,1.0
잘해야,1.0,1.0,6.0,5.0
잘해주다,9.0,9.0,6.0,1.0
잠그다,5.0,7.0,7.0,3.0
잠깐,18.0,31.0,18.0,12.0
잠도,7.0,11.0,10.0,5.0
잠들다,59.0,144.0,62.0,57.0
잠시,7.0,2.0,0.0,0.0
잠자다,17.0,14.0,12.0,8.0
잡고,30.0,38.0,10.0,1.0
잡기,2.0,2.0,2.0,3.0
잡다,27.0,45.0,8.0,5.0
잡아가다,2.0,6.0,1.0,3.0
잡아끌다,4.0,2.0,0.0,0.0
잡아당기다,3.0,14.0,1.0,0.0
잡아먹다,0.0,4.0,2.0,0.0
잡아먹히다,1.0,1.0,0.0,3.0
잡혀가다,1.0,3.0,1.0,3.0
잡히다,2.0,15.0,4.0,6.0
장난,16.0,45.0,15.0,14.0
장난감,1.0,17.0,3.0,4.0
장님,6.0,7.0,14.0,7.0
장래,1.0,5.0,0.0,2.0
장면,5.0,16.0,5.0,4.0
장염,0.0,0.0,1.0,4.0
재미,3.0,10.0,5.0,7.0
재미없다,7.0,13.0,8.0,4.0
재미있다,38.0,51.0,26.0,32.0
재밌다,94.0,162.0,103.0,81.0
재수,1.0,7.0,2.0,2.0
재우다,5.0,2.0,1.0,2.0
재작년,1.0,2.0,4.0,3.0
재혼,0.0,5.0,3.0,2.0
저가,0.0,2.0,0.0,3.0
저녁,10.0,26.0,18.0,36.0
저녁밥,0.0,3.0,1.0,1.0
저러다,1.0,10.0,6.0,4.0
저런,0.0,3.0,6.0,4.0
저렇게,0.0,7.0,4.0,1.0
저렇다,2.0,3.0,3.0,1.0
저리,1.0,1.0,7.0,3.0
저번,55.0,100.0,53.0,49.0
저희,66.0,129.0,89.0,64.0
적다,159.0,334.0,216.0,156.0
적당하다,6.0,4.0,5.0,1.0
적도,46.0,122.0,59.0,53.0
적어도,0.0,6.0,4.0,3.0
적응,1.0,2.0,0.0,4.0
적응하다,0.0,2.0,1.0,4.0
전교,1.0,4.0,5.0,1.0
전날,3.0,5.0,5.0,0.0
전부,6.0,9.0,7.0,2.0
전이,9.0,18.0,4.0,5.0
전인,0.0,2.0,2.0,3.0
전체,3.0,7.0,2.0,0.0
전학,5.0,5.0,5.0,8.0
전혀,2.0,16.0,4.0,9.0
전화,14.0,27.0,14.0,17.0
전화하다,13.0,14.0,6.0,13.0
절대,14.0,27.0,10.0,17.0
절대로,2.0,4.0,1.0,3.0
절반,0.0,8.0,3.0,0.0
점도,1.0,4.0,1.0,1.0
점수,0.0,5.0,3.0,1.0
점심,3.0,3.0,1.0,6.0
점심시간,3.0,10.0,3.0,2.0
점점,6.0,23.0,13.0,7.0
젓가락,0.0,5.0,1.0,0.0
정돈,3.0,1.0,0.0,1.0
정리,2.0,7.0,5.0,8.0
정말,15.0,52.0,33.0,18.0
정말로,1.0,3.0,4.0,1.0
정수리,0.0,3.0,1.0,1.0
정신,3.0,23.0,11.0,5.0
정해지다,4.0,2.0,5.0,0.0
정해진,1.0,3.0,3.0,2.0
정확하다,5.0,4.0,1.0,4.0
젖다,2.0,18.0,2.0,3.0
제대로,8.0,38.0,18.0,19.0
제발,3.0,5.0,6.0,3.0
제빵사,1.0,4.0,0.0,2.0
제일,48.0,101.0,44.0,37.0
젤리,1.0,5.0,0.0,1.0
조각,1.0,3.0,1.0,1.0
조금씩,0.0,6.0,3.0,4.0
조르다,4.0,22.0,7.0,2.0
조립,0.0,3.0,0.0,3.0
조마조마하다,1.0,10.0,1.0,1.0
조심,1.0,3.0,2.0,1.0
조심하다,1.0,9.0,5.0,2.0
조용하다,9.0,35.0,11.0,16.0
조절,0.0,4.0,2.0,0.0
존경,2.0,3.0,0.0,0.0
존재,2.0,9.0,2.0,2.0
졸다,2.0,5.0,2.0,2.0
졸라,0.0,6.0,2.0,0.0
졸리,5.0,7.0,5.0,3.0
졸리다,23.0,38.0,26.0,25.0
종류,1.0,3.0,2.0,0.0
종아리,3.0,26.0,1.0,0.0
종이,3.0,9.0,4.0,7.0
종일,11.0,20.0,16.0,37.0
종종,8.0,22.0,10.0,9.0
좋다,266.0,509.0,302.0,248.0
좋아지다,21.0,47.0,29.0,24.0
좋아하다,136.0,251.0,149.0,108.0
죄송하다,6.0,3.0,5.0,1.0
죄책감,1.0,2.0,2.0,0.0
주거,0.0,5.0,3.0,2.0
주고받다,5.0,0.0,0.0,0.0
주기도,4.0,5.0,5.0,4.0
주다,109.0,231.0,122.0,115.0
주로,23.0,70.0,35.0,11.0
주말,34.0,36.0,24.0,28.0
주먹,8.0,85.0,5.0,10.0
주무시다,0.0,2.0,1.0,5.0
주방,0.0,2.0,2.0,4.0
주변,14.0,21.0,6.0,9.0
주병,0.0,4.0,2.0,3.0
주시,15.0,17.0,12.0,8.0
주식,0.0,3.0,1.0,2.0
주요,0.0,5.0,1.0,3.0
주인,0.0,2.0,3.0,0.0
주인공,4.0,2.0,0.0,1.0
주일,4.0,7.0,3.0,6.0
주저앉다,3.0,2.0,5.0,0.0
죽다,84.0,159.0,133.0,60.0
죽이다,7.0,46.0,33.0,10.0
준비,3.0,10.0,8.0,1.0
준비물,1.0,3.0,4.0,3.0
줄넘기,5.0,7.0,3.0,1.0
줄다,26.0,62.0,31.0,27.0
줄이다,3.0,6.0,3.0,3.0
줍다,1.0,3.0,3.0,3.0
중간,45.0,81.0,25.0,19.0
중요하다,7.0,4.0,2.0,4.0
중이,10.0,6.0,1.0,3.0
중학교,8.0,8.0,10.0,14.0
중학생,4.0,4.0,5.0,7.0
쥐다,4.0,3.0,0.0,1.0
쥐어박다,0.0,3.0,0.0,2.0
즐거움,3.0,3.0,2.0,2.0
즐겁다,119.0,266.0,159.0,116.0
지각,2.0,4.0,3.0,11.0
지갑,1.0,8.0,1.0,3.0
지게,7.0,0.0,0.0,0.0
지겹다,1.0,4.0,0.0,0.0
지고,95.0,3.0,1.0,0.0
지금,90.0,164.0,79.0,91.0
지긋지긋하다,0.0,5.0,1.0,2.0
지기,7.0,0.0,0.0,1.0
지끈,8.0,16.0,13.0,3.0
지나,1.0,4.0,0.0,0.0
지나가다,21.0,25.0,12.0,11.0
지나다,15.0,29.0,18.0,12.0
지난,3.0,6.0,4.0,9.0
지난달,7.0,6.0,1.0,3.0
지난번,5.0,12.0,8.0,5.0
지난주,24.0,64.0,11.0,7.0
지내다,49.0,86.0,53.0,51.0
지다,41.0,91.0,36.0,51.0
지도,0.0,3.0,4.0,7.0
지루하다,0.0,5.0,1.0,0.0
지르다,38.0,191.0,111.0,50.0
지면,4.0,8.0,3.0,3.0
지역,2.0,1.0,1.0,4.0
지옥,2.0,17.0,4.0,1.0
지우다,4.0,0.0,1.0,1.0
지저분하다,0.0,0.0,0.0,6.0
지적,1.0,3.0,3.0,7.0
지지,5.0,0.0,0.0,0.0
지치다,15.0,24.0,22.0,10.0
지켜보다,1.0,5.0,3.0,1.0
지키다,8.0,39.0,23.0,12.0
직업,11.0,22.0,12.0,7.0
직원,2.0,1.0,2.0,1.0
직장,2.0,1.0,0.0,2.0
직전,1.0,7.0,1.0,0.0
직접,13.0,12.0,13.0,12.0
진도,1.0,3.0,3.0,0.0
진심,1.0,3.0,3.0,2.0
진정,1.0,9.0,0.0,0.0
진지하다,3.0,1.0,1.0,1.0
진짜,47.0,130.0,83.0,45.0
질리다,1.0,1.0,2.0,1.0
질문,17.0,30.0,12.0,13.0
집다,12.0,35.0,13.0,13.0
집도,1.0,6.0,0.0,12.0
집안,0.0,4.0,4.0,2.0
집안일,2.0,22.0,7.0,16.0
집어넣다,15.0,1.0,3.0,0.0
집중,15.0,23.0,11.0,5.0
집착,0.0,2.0,3.0,1.0
짓다,19.0,24.0,13.0,7.0
징그럽다,13.0,3.0,2.0,1.0
짜다,1.0,5.0,1.0,3.0
짜증,149.0,324.0,216.0,203.0
짜증나다,6.0,10.0,5.0,5.0
짝꿍,1.0,1.0,2.0,1.0
짧다,1.0,1.0,4.0,1.0
째다,1.0,7.0,2.0,1.0
쪽지,3.0,3.0,0.0,0.0
쪽팔리다,0.0,8.0,3.0,5.0
쫓겨나다,4.0,12.0,9.0,3.0
쫓기다,0.0,9.0,4.0,3.0
쫓아내다,5.0,44.0,33.0,4.0
쫓아오다,22.0,13.0,5.0,4.0
찌다,3.0,0.0,3.0,1.0
찌르다,6.0,14.0,15.0,5.0
찌푸리다,6.0,6.0,4.0,1.0
찍다,82.0,27.0,16.0,12.0
찍히다,1.0,5.0,1.0,1.0
찔리다,3.0,4.0,1.0,1.0
찜질,0.0,11.0,0.0,1.0
찜질방,2.0,1.0,0.0,3.0
찝찝하다,2.0,3.0,1.0,0.0
찡그리다,2.0,6.0,4.0,4.0
찢다,1.0,11.0,4.0,2.0
찢어지다,3.0,23.0,1.0,4.0
차갑다,9.0,8.0,16.0,9.0
차고,4.0,30.0,3.0,3.0
차기,1.0,4.0,0.0,2.0
차다,4.0,47.0,8.0,8.0
차단,6.0,0.0,0.0,0.0
차라리,8.0,17.0,3.0,3.0
차려,1.0,5.0,4.0,14.0
차례,2.0,2.0,1.0,0.0
차리다,5.0,17.0,6.0,3.0
차별,1.0,36.0,26.0,17.0
차분하다,4.0,7.0,0.0,0.0
차분해지다,4.0,1.0,2.0,0.0
차서,1.0,20.0,2.0,1.0
차요,0.0,18.0,3.0,4.0
차이,5.0,13.0,4.0,3.0
착하다,63.0,131.0,79.0,47.0
찬물,0.0,2.0,0.0,4.0
참고,4.0,9.0,3.0,3.0
참관,1.0,0.0,2.0,4.0
참다,39.0,69.0,42.0,51.0
참석,1.0,5.0,0.0,2.0
참여,1.0,3.0,1.0,2.0
창고,0.0,1.0,4.0,0.0
창문,1.0,4.0,4.0,3.0
창피하다,14.0,10.0,10.0,6.0
창피해,2.0,3.0,3.0,6.0
찾다,13.0,16.0,15.0,9.0
찾아가다,4.0,2.0,1.0,0.0
찾아보다,4.0,4.0,2.0,1.0
찾아오다,13.0,25.0,9.0,3.0
채다,4.0,2.0,0.0,1.0
채우다,1.0,2.0,1.0,2.0
채팅,19.0,1.0,0.0,3.0
책상,3.0,11.0,7.0,5.0
책임지다,1.0,1.0,0.0,3.0
챙기다,64.0,125.0,73.0,95.0
처럼,2.0,3.0,1.0,2.0
처음,121.0,130.0,32.0,36.0
처지다,4.0,1.0,3.0,0.0
천천히,2.0,7.0,4.0,0.0
첫째,0.0,5.0,1.0,3.0
청소,6.0,34.0,12.0,17.0
청소기,0.0,5.0,0.0,0.0
청아,0.0,2.0,2.0,1.0
체육,11.0,14.0,10.0,3.0
체육관,5.0,1.0,1.0,0.0
쳐다보다,13.0,23.0,14.0,9.0
초등학교,7.0,16.0,10.0,9.0
초등학생,2.0,0.0,5.0,2.0
초반,0.0,2.0,1.0,2.0
촬영,3.0,0.0,2.0,0.0
최고,4.0,3.0,5.0,1.0
최근,28.0,46.0,16.0,11.0
최대,1.0,7.0,0.0,0.0
최대한,5.0,4.0,2.0,1.0
최악,0.0,3.0,2.0,0.0
추다,7.0,14.0,9.0,5.0
추천,0.0,4.0,0.0,1.0
축구,12.0,96.0,56.0,25.0
축구선수,0.0,15.0,3.0,2.0
축축하다,2.0,1.0,2.0,1.0
출근,4.0,8.0,1.0,3.0
출장,4.0,2.0,1.0,4.0
춤추다,11.0,15.0,5.0,5.0
춥다,1.0,2.0,3.0,4.0
충격,1.0,1.0,2.0,1.0
충분하다,0.0,4.0,1.0,1.0
취급,1.0,6.0,6.0,7.0
취하,1.0,10.0,2.0,3.0
취한,0.0,9.0,3.0,6.0
취해,1.0,18.0,8.0,11.0
치가,1.0,1.0,3.0,0.0
치기,3.0,5.0,3.0,2.0
치다,26.0,76.0,33.0,29.0
치료,9.0,70.0,6.0,11.0
치료받다,12.0,38.0,1.0,2.0
치르다,2.0,1.0,1.0,1.0
치면,3.0,13.0,7.0,5.0
치밀다,4.0,2.0,1.0,0.0
치우다,0.0,7.0,4.0,2.0
치킨,0.0,6.0,3.0,7.0
친구,227.0,423.0,253.0,235.0
친아빠,4.0,4.0,0.0,1.0
친엄마,0.0,8.0,6.0,1.0
친절하다,30.0,85.0,36.0,34.0
친척,4.0,1.0,2.0,0.0
친하다,47.0,121.0,47.0,51.0
친해지다,7.0,9.0,6.0,5.0
칠판,0.0,8.0,1.0,1.0
침대,20.0,12.0,5.0,8.0
칭찬,31.0,42.0,30.0,11.0
카드,4.0,3.0,2.0,7.0
카톡,5.0,6.0,4.0,1.0
카페,30.0,18.0,18.0,10.0
캐릭터,6.0,5.0,3.0,5.0
캐치,1.0,5.0,4.0,2.0
캠핑,1.0,7.0,0.0,2.0
커다랗다,1.0,4.0,0.0,0.0
커서,13.0,26.0,20.0,16.0
커지다,0.0,6.0,2.0,3.0
커터칼,6.0,2.0,3.0,2.0
컨디션,3.0,9.0,7.0,2.0
컴퓨터,8.0,30.0,7.0,13.0
켜다,2.0,3.0,4.0,0.0
코뼈,0.0,7.0,1.0,0.0
코인,10.0,2.0,3.0,3.0
코치,0.0,5.0,0.0,0.0
코피,0.0,11.0,4.0,0.0
콕콕,0.0,5.0,7.0,6.0
쿡쿡,1.0,1.0,1.0,4.0
쿵쾅거리다,6.0,6.0,4.0,1.0
쿵쿵,3.0,5.0,1.0,2.0
크게,20.0,59.0,28.0,22.0
크다,26.0,67.0,30.0,29.0
큰누나,0.0,3.0,4.0,1.0
큰소리,1.0,7.0,4.0,3.0
큰일,2.0,3.0,5.0,7.0
키스,11.0,0.0,0.0,0.0
키우다,5.0,16.0,11.0,6.0
키즈,5.0,6.0,5.0,2.0
타고,12.0,26.0,11.0,10.0
타다,12.0,23.0,7.0,6.0
타요,1.0,14.0,5.0,1.0
탕후루,11.0,6.0,7.0,2.0
태권도,8.0,14.0,3.0,2.0
태어나다,6.0,38.0,20.0,12.0
터지다,3.0,26.0,2.0,3.0
털다,3.0,2.0,2.0,0.0
통제,1.0,6.0,4.0,0.0
통증,2.0,5.0,3.0,1.0
통해,5.0,3.0,4.0,0.0
통화,3.0,6.0,3.0,1.0
퇴근,12.0,14.0,4.0,10.0
투명,1.0,2.0,4.0,2.0
투성이,0.0,3.0,2.0,1.0
툭툭,3.0,10.0,4.0,2.0
툭하면,0.0,11.0,2.0,2.0
퉁퉁,0.0,4.0,1.0,0.0
트리,1.0,3.0,1.0,0.0
트위터,2.0,1.0,2.0,1.0
트집,0.0,6.0,6.0,4.0
특별하다,6.0,9.0,8.0,8.0
특히,5.0,32.0,6.0,11.0
튼튼하다,0.0,2.0,3.0,1.0
틀다,5.0,2.0,1.0,0.0
틀리다,3.0,18.0,15.0,1.0
틀어놓다,3.0,1.0,3.0,0.0
티브이,18.0,28.0,10.0,14.0
틱톡,9.0,7.0,1.0,6.0
파다,2.0,3.0,1.0,2.0
파리채,0.0,23.0,0.0,2.0
파스,2.0,1.0,2.0,0.0
파티,3.0,1.0,0.0,1.0
판사,3.0,9.0,7.0,2.0
팔다리,0.0,5.0,1.0,0.0
팔도,1.0,5.0,2.0,0.0
팔이,7.0,66.0,7.0,3.0
패션,1.0,0.0,4.0,0.0
팬티,27.0,3.0,2.0,0.0
팽이,0.0,7.0,0.0,1.0
퍼즐,0.0,7.0,3.0,0.0
퍼지다,5.0,0.0,0.0,1.0
펴다,1.0,10.0,4.0,4.0
편식,0.0,3.0,0.0,2.0
편안하다,13.0,14.0,5.0,2.0
편애,2.0,2.0,2.0,0.0
편의점,8.0,4.0,1.0,9.0
편이,54.0,72.0,43.0,32.0
편지,0.0,3.0,0.0,2.0
편하다,17.0,45.0,27.0,9.0
평범하다,5.0,9.0,4.0,12.0
평상시,1.0,2.0,0.0,2.0
평생,12.0,15.0,3.0,9.0
평소,37.0,69.0,29.0,22.0
평일,5.0,7.0,5.0,9.0
포근하다,2.0,4.0,0.0,1.0
포기,2.0,2.0,1.0,3.0
포켓몬,0.0,4.0,0.0,2.0
포함,8.0,9.0,2.0,3.0
폭력,0.0,8.0,2.0,1.0
폭발,1.0,18.0,8.0,0.0
폭탄,1.0,3.0,1.0,0.0
표정,193.0,403.0,229.0,167.0
표현,2.0,6.0,4.0,0.0
푸다,5.0,18.0,5.0,2.0
풀다,55.0,103.0,65.0,44.0
풀리다,20.0,61.0,31.0,26.0
풀어지다,1.0,4.0,0.0,1.0
풀이,1.0,41.0,6.0,5.0
프로,0.0,4.0,2.0,0.0
프로게이머,2.0,14.0,3.0,5.0
프로그램,1.0,4.0,2.0,0.0
플라스틱,0.0,5.0,0.0,2.0
피곤하다,114.0,162.0,99.0,83.0
피구,4.0,7.0,4.0,3.0
피나,5.0,13.0,0.0,3.0
피난,0.0,4.0,1.0,0.0
피다,2.0,5.0,1.0,2.0
피멍,0.0,48.0,1.0,0.0
피부,0.0,3.0,5.0,5.0
피시방,12.0,39.0,18.0,13.0
피아노,5.0,8.0,3.0,1.0
피우다,2.0,11.0,3.0,3.0
피자,0.0,2.0,1.0,3.0
피하,12.0,7.0,5.0,7.0
피해,13.0,17.0,4.0,3.0
필요,3.0,19.0,14.0,12.0
필요하다,9.0,10.0,11.0,10.0
핑계,1.0,10.0,1.0,2.0
하교,3.0,5.0,0.0,0.0
하기는,1.0,4.0,2.0,0.0
하나,30.0,60.0,46.0,33.0
하나요,2.0,5.0,3.0,3.0
하늘,0.0,4.0,0.0,2.0
하늘나라,1.0,2.0,1.0,2.0
하니,22.0,36.0,24.0,14.0
하든,1.0,7.0,3.0,1.0
하라,20.0,76.0,56.0,32.0
하래,3.0,8.0,12.0,8.0
하루하루,2.0,12.0,1.0,6.0
하자,9.0,4.0,3.0,1.0
하필,1.0,4.0,0.0,0.0
학교,111.0,242.0,131.0,145.0
학교생활,0.0,4.0,1.0,1.0
학기,0.0,4.0,3.0,6.0
학년,14.0,19.0,11.0,19.0
학부모,2.0,1.0,3.0,2.0
학생,5.0,3.0,4.0,4.0
학습,1.0,4.0,5.0,1.0
학예회,0.0,3.0,1.0,4.0
학원,57.0,59.0,59.0,17.0
한국,1.0,1.0,2.0,1.0
한국말,2.0,1.0,1.0,2.0
한동안,3.0,4.0,2.0,3.0
한마디,2.0,2.0,0.0,4.0
한번,12.0,14.0,8.0,11.0
한숨,3.0,7.0,4.0,8.0
한심하다,5.0,10.0,10.0,10.0
한자,0.0,6.0,2.0,2.0
한참,1.0,5.0,4.0,5.0
한텐,2.0,8.0,6.0,4.0
할머니,19.0,55.0,19.0,26.0
할아버지,22.0,7.0,4.0,10.0
함께,8.0,14.0,15.0,4.0
함부로,3.0,4.0,5.0,0.0
해결,3.0,6.0,6.0,7.0
해달라다,15.0,4.0,3.0,4.0
해도,44.0,93.0,50.0,44.0
해보다,28.0,34.0,32.0,19.0
해봤다,8.0,18.0,5.0,7.0
해외,3.0,4.0,1.0,0.0
해외여행,1.0,1.0,2.0,1.0
해주,3.0,6.0,4.0,2.0
해주다,88.0,147.0,102.0,64.0
해주시,3.0,12.0,5.0,1.0
해치다,3.0,3.0,3.0,2.0
핸드폰,32.0,78.0,38.0,41.0
행동,25.0,46.0,31.0,12.0
행복,2.0,8.0,3.0,3.0
행복하다,116.0,193.0,107.0,98.0
행사,6.0,12.0,1.0,11.0
허락,2.0,6.0,0.0,2.0
허리,5.0,15.0,2.0,5.0
허벅지,14.0,34.0,5.0,3.0
험악하다,1.0,4.0,2.0,0.0
헤어지다,5.0,10.0,4.0,5.0
현관,2.0,4.0,4.0,0.0
현관문,0.0,3.0,2.0,0.0
현실,3.0,1.0,2.0,0.0
혐오,3.0,2.0,2.0,1.0
협박,12.0,16.0,21.0,4.0
형도,2.0,4.0,2.0,2.0
형제,3.0,9.0,4.0,4.0
형제자매,3.0,4.0,4.0,5.0
호실,1.0,20.0,3.0,9.0
호흡,1.0,3.0,2.0,0.0
혹도,0.0,7.0,0.0,0.0
혹시,9.0,14.0,4.0,3.0
혼나다,41.0,127.0,95.0,49.0
혼내다,46.0,133.0,84.0,42.0
혼도,2.0,2.0,1.0,3.0
혼자,75.0,187.0,118.0,120.0
화가,92.0,269.0,110.0,75.0
화나다,65.0,240.0,94.0,48.0
화난,32.0,148.0,72.0,20.0
화내,2.0,9.0,6.0,3.0
화낼,3.0,44.0,17.0,4.0
화도,17.0,70.0,29.0,22.0
화만,1.0,14.0,7.0,0.0
화목,2.0,12.0,2.0,1.0
화상,2.0,6.0,1.0,3.0
화장,4.0,2.0,6.0,4.0
화장실,13.0,33.0,10.0,13.0
화장품,2.0,0.0,3.0,2.0
화제,1.0,1.0,3.0,0.0
화풀,0.0,10.0,2.0,1.0
화해,4.0,2.0,3.0,1.0
확실하다,2.0,2.0,1.0,1.0
확인,7.0,10.0,9.0,8.0
활동,3.0,4.0,5.0,4.0
활짝,3.0,6.0,2.0,0.0
회사,11.0,19.0,9.0,16.0
회사원,0.0,3.0,0.0,2.0
회초리,4.0,31.0,2.0,3.0
효자손,0.0,17.0,0.0,1.0
훈련,0.0,2.0,1.0,2.0
훌륭하다,0.0,2.0,3.0,0.0
훔치다,3.0,18.0,1.0,12.0
훨씬,3.0,11.0,7.0,3.0
휘두르다,0.0,10.0,1.0,0.0
휴대전화,3.0,7.0,1.0,4.0
휴대폰,30.0,48.0,24.0,33.0
휴지,0.0,6.0,1.0,2.0
흉터,0.0,5.0,0.0,2.0
흐르다,1.0,4.0,0.0,0.0
흔들다,2.0,10.0,3.0,0.0
흔적,0.0,7.0,0.0,0.0
흘리다,3.0,15.0,11.0,3.0
희망,1.0,4.0,0.0,4.0
희망이,0.0,2.0,2.0,2.0
힘내다,4.0,2.0,1.0,1.0
힘드다,31.0,64.0,51.0,37.0
힘들다,189.0,390.0,233.0,193.0
힘없다,1.0,2.0,0.0,2.0
